name,plural_name,role,category,aliases
garlic,garlic,,Vegetables & Greens,
onion,onions,,Vegetables & Greens,
bell pepper,bell peppers,,Vegetables & Greens,
carrot,carrots,,Vegetables & Greens,
scallion,scallions,,Vegetables & Greens,
zucchini,zucchinis,,Vegetables & Greens,
potato,potatoes,,Vegetables & Greens,
red onion,red onions,,Vegetables & Greens,
yellow onion,yellow onions,,Vegetables & Greens,
celery,celery,,Vegetables & Greens,
jalapeño,jalapeños,,Vegetables & Greens,
avocado,avocados,,Vegetables & Greens,
shallot,shallots,,Vegetables & Greens,
cherry tomato,cherry tomatoes,,Vegetables & Greens,
cucumber,cucumbers,,Vegetables & Greens,
spinach,spinach,,Vegetables & Greens,
sweet corn,sweet corn,,Vegetables & Greens,
chile pepper,chile peppers,,Vegetables & Greens,capsicum
sweet potato,sweet potatoes,,Vegetables & Greens,
broccoli,broccoli,,Vegetables & Greens,
heart of palm,heart of palm,,Vegetables & Greens,
baby greens,baby greens,,Vegetables & Greens,
pumpkin,pumpkins,,Vegetables & Greens,
cauliflower,cauliflower,,Vegetables & Greens,
cabbage,cabbages,,Vegetables & Greens,
asparagus,asparagus,,Vegetables & Greens,
kale,kale,,Vegetables & Greens,
arugula,arugula,,Vegetables & Greens,
leek,leeks,,Vegetables & Greens,
eggplant,eggplants,,Vegetables & Greens,
lettuce,lettuce,,Vegetables & Greens,
butternut squash,butternut squashes,,Vegetables & Greens,
romaine lettuce,romaine lettuce,,Vegetables & Greens,
beetroot,beetroots,,Vegetables & Greens,
brussels sprout,brussels sprouts,,Vegetables & Greens,
fennel,fennel,,Vegetables & Greens,
sun dried tomato,sun dried tomatoes,,Vegetables & Greens,
radish,radishes,,Vegetables & Greens,
red cabbage,red cabbages,,Vegetables & Greens,
artichoke,artichokes,,Vegetables & Greens,
new potato,new potatoes,,Vegetables & Greens,
summer squash,summer squashes,,Vegetables & Greens,courgette|gem squash
mixed greens,mixed greens,,Vegetables & Greens,
parsnip,parsnips,,Vegetables & Greens,
baby carrot,baby carrots,,Vegetables & Greens,
mixed vegetables,mixed vegetables,,Vegetables & Greens,
poblano pepper,poblano peppers,,Vegetables & Greens,
sweet pepper,sweet peppers,,Vegetables & Greens,
serrano pepper,serrano peppers,,Vegetables & Greens,
cayenne pepper,cayenne pepper,,Vegetables & Greens,
green tomato,green tomatoes,,Vegetables & Greens,
watercress,watercress,,Vegetables & Greens,
iceberg lettuce,iceberg lettuce,,Vegetables & Greens,
mashed potato,mashed potatoes,,Vegetables & Greens,
horseradish,horseradishes,,Vegetables & Greens,
chard,chard,,Vegetables & Greens,
pimiento,pimientos,,Vegetables & Greens,
spaghetti squash,spaghetti squashes,,Vegetables & Greens,
butter lettuce,butter lettuce,,Vegetables & Greens,
hash brown,hash browns,,Vegetables & Greens,
napa cabbage,napa cabbages,,Vegetables & Greens,chinese  leaves
celeriac,celeriacs,,Vegetables & Greens,
water chestnut,water chestnuts,,Vegetables & Greens,
turnip,turnips,,Vegetables & Greens,
thai chile pepper,thai chile peppers,,Vegetables & Greens,
bok choy,bok choy,,Vegetables & Greens,
okra,okra,,Vegetables & Greens,
acorn squash,acorn squashes,,Vegetables & Greens,
corn on the cob,corn on the cob,,Vegetables & Greens,
radicchio,radicchio,,Vegetables & Greens,
pearl onion,pearl onions,,Vegetables & Greens,
tenderstem broccoli,tenderstem broccoli,,Vegetables & Greens,
plantain,plantains,,Vegetables & Greens,
leaf lettuce,leaf lettuce,,Vegetables & Greens,
pepperoncini,pepperoncinis,,Vegetables & Greens,
baby bok choy,baby bok choy,,Vegetables & Greens,
jicama,jicamas,,Vegetables & Greens,
endive,endives,,Vegetables & Greens,
habanero pepper,habanero peppers,,Vegetables & Greens,
maize,maize,,Vegetables & Greens,corn husk
collard greens,collard greens,,Vegetables & Greens,
french-fried onion,french-fried onions,,Vegetables & Greens,
daikon,daikons,,Vegetables & Greens,
baby corn,baby corns,,Vegetables & Greens,
broccoli rabe,broccoli rabes,,Vegetables & Greens,
rutabaga,rutabagas,,Vegetables & Greens,
belgian endive,belgian endives,,Vegetables & Greens,
yam,yams,,Vegetables & Greens,
ancho chile pepper,ancho chile peppers,,Vegetables & Greens,
microgreens,microgreens,,Vegetables & Greens,
boston lettuce,boston lettuce,,Vegetables & Greens,
kohlrabi,kohlrabi,,Vegetables & Greens,
fresno chile,fresno chiles,,Vegetables & Greens,
delicata squash,delicata squashes,,Vegetables & Greens,
Frisée,Frisées,,Vegetables & Greens,curly endive
anaheim pepper,anaheim peppers,,Vegetables & Greens,
cress,cress,,Vegetables & Greens,
broccoli slaw,broccoli slaw,,Vegetables & Greens,
arbol chile pepper,arbol chile peppers,,Vegetables & Greens,
golden beet,golden beets,,Vegetables & Greens,
pea shoot,pea shoots,,Vegetables & Greens,
alfalfa,alfalfa,,Vegetables & Greens,
tomato,tomatoes,,Fruits,
lemon,lemons,,Fruits,
lime,limes,,Fruits,
apple,apples,,Fruits,
banana,bananas,,Fruits,
orange,oranges,,Fruits,
raisin,raisins,,Fruits,
pineapple,pineapples,,Fruits,
mango,mangoes,,Fruits,
peach,peaches,,Fruits,
date,dates,,Fruits,
coconut,coconuts,,Fruits,
craisin,craisins,,Fruits,
pear,pears,,Fruits,
grape,grapes,,Fruits,
pomegranate,pomegranates,,Fruits,
watermelon,watermelons,,Fruits,
rhubarb,rhubarbs,,Fruits,
dried apricot,dried apricots,,Fruits,
kiwi,kiwis,,Fruits,
grapefruit,grapefruits,,Fruits,
plum,plums,,Fruits,
fig,figs,,Fruits,
apricot,apricots,,Fruits,
currant,currants,,Fruits,
mandarin,mandarins,,Fruits,
prune,prunes,,Fruits,
cantaloupe,cantaloupes,,Fruits,
sultana,sultanas,,Fruits,
passion fruit,passion fruits,,Fruits,
papaya,papayas,,Fruits,
tamarind,tamarinds,,Fruits,
nectarine,nectarines,,Fruits,
dried fig,dried figs,,Fruits,
chestnut,chestnuts,,Fruits,
meyer lemon,meyer lemons,,Fruits,
honeydew melon,honeydew melons,,Fruits,
dried fruit,dried fruits,,Fruits,
clementine,clementines,,Fruits,
persimmon,persimmons,,Fruits,
melon,melons,,Fruits,
tangerine,tangerines,,Fruits,
dried mango,dried mangoes,,Fruits,
dried apple,dried apples,,Fruits,
quince,quinces,,Fruits,
guava,guavas,,Fruits,
banana chip,banana chips,,Fruits,
kumquat,kumquats,,Fruits,
jackfruit,jackfruits,,Fruits,
dragon fruit,dragon fruits,,Fruits,
mixed fruit,mixed fruits,,Fruits,
asian pear,asian pears,,Fruits,
lychee,lychees,,Fruits,
young coconut,young coconuts,,Fruits,
kaffir lime,kaffir limes,,Fruits,
star fruit,star fruits,,Fruits,
green papaya,green papayas,,Fruits,
pomelo,pomelos,,Fruits,
chestnut purée,chestnut purée,,Fruits,
prickly pear,prickly pears,,Fruits,
calamansi,calamansis,,Fruits,
yuzu,yuzu,,Fruits,
granadilla,granadillas,,Fruits,
apple chip,apple chips,,Fruits,
mixed peel,mixed peels,,Fruits,
kokum,kokums,,Fruits,
tangelo,tangelos,,Fruits,
dried lime,dried limes,,Fruits,
jujube,jujubes,,Fruits,
sweet lime,sweet limes,,Fruits,
custard-apple,custard-apples,,Fruits,
dried lemon,dried lemons,,Fruits,
young jackfruit,young jackfruits,,Fruits,
durian,durians,,Fruits,
freeze-dried apple,freeze-dried apples,,Fruits,
dried tamarind,dried tamarinds,,Fruits,
honey date,honey dates,,Fruits,
physali,physalis,,Fruits,
tamarillo,tamarillos,,Fruits,
ice-apple,ice-apples,,Fruits,
longan,longans,,Fruits,
finger lime,finger limes,,Fruits,
bitter orange,bitter oranges,,Fruits,
feijoa,feijoas,,Fruits,
dried persimmon,dried persimmons,,Fruits,
rambutan,rambutans,,Fruits,
rose apple,rose apples,,Fruits,
dried orange slice,dried orange slices,,Fruits,
loquat,loquats,,Fruits,
crabapple,crabapples,,Fruits,
fig leaf,fig leaves,,Fruits,
freeze-dried pineapple,freeze-dried pineapples,,Fruits,
pluot,pluots,,Fruits,
soursop,soursops,,Fruits,
hog plum,hog plums,,Fruits,
bergamot orange,bergamot oranges,,Fruits,
luo han guo,luo han guos,,Fruits,
mamey,mameys,,Fruits,
sapote,sapotes,,Fruits,
green ume plum,green ume plums,,Fruits,
kiwano,kiwanos,,Fruits,
button mushroom,button mushrooms,,Mushrooms,
shiitake mushroom,shiitake mushrooms,,Mushrooms,
portobello mushroom,portobello mushrooms,,Mushrooms,
wild mushroom,wild mushrooms,,Mushrooms,
porcini,porcinis,,Mushrooms,
mixed mushroom,mixed mushrooms,,Mushrooms,
oyster mushroom,oyster mushrooms,,Mushrooms,
chestnut mushroom,chestnut mushrooms,,Mushrooms,
enoki mushroom,enoki mushrooms,,Mushrooms,
black fungus,black fungus,,Mushrooms,
black truffle,black truffles,,Mushrooms,
morel mushroom,morel mushrooms,,Mushrooms,
field mushroom,field mushrooms,,Mushrooms,
king oyster mushroom,king oyster mushrooms,,Mushrooms,
shimeji mushroom,shimeji mushrooms,,Mushrooms,
straw mushroom,straw mushrooms,,Mushrooms,
dried chinese mushroom,dried chinese mushrooms,,Mushrooms,
maitake,maitakes,,Mushrooms,
trumpet mushroom,trumpet mushrooms,,Mushrooms,
white truffle,white truffles,,Mushrooms,
white fungus,white fungus,,Mushrooms,
pioppini,pioppinis,,Mushrooms,
snow fungus,snow fungus,,Mushrooms,
white beech mushroom,white beech mushrooms,,Mushrooms,
boletus,boletus,,Mushrooms,
huitlacoche,huitlacoches,,Mushrooms,
matsutake,matsutakes,,Mushrooms,
nameko,namekos,,Mushrooms,
djon djon mushroom,djon djon mushrooms,,Mushrooms,
mixed asian mushroom,mixed asian mushrooms,,Mushrooms,
puffball,puffballs,,Mushrooms,
honey fungus,honey fungus,,Mushrooms,
caesar's mushroom,caesar's mushrooms,,Mushrooms,
candy cap mushroom,candy cap mushrooms,,Mushrooms,
lion’s mane mushroom,lion’s mane mushrooms,,Mushrooms,
strawberry,strawberries,,Berries,
blueberry,blueberries,,Berries,
raspberry,raspberries,,Berries,
cranberry,cranberries,,Berries,
cherry,cherries,,Berries,
blackberry,blackberries,,Berries,
berry mix,berry mixes,,Berries,
maraschino cherry,maraschino cherries,,Berries,
dried cherry,dried cherries,,Berries,
juniper berry,juniper berries,,Berries,
sour cherry,sour cherries,,Berries,
goji berry,goji berries,,Berries,
dried blueberry,dried blueberries,,Berries,
freeze-dried strawberry,freeze-dried strawberries,,Berries,
gooseberry,gooseberries,,Berries,
freeze-dried raspberry,freeze-dried raspberries,,Berries,
lingonberry,lingonberries,,Berries,
canned sour cherry,canned sour cherries,,Berries,
mulberry,mulberries,,Berries,
acai berry,acai berries,,Berries,
canned cherry,canned cherries,,Berries,
amla,amlas,,Berries,
elderberry,elderberries,,Berries,
freeze-dried blueberry,freeze-dried blueberries,,Berries,
huckleberry,huckleberries,,Berries,
dried elderberry,dried elderberries,,Berries,
barberry,barberries,,Berries,
dried berry,dried berries,,Berries,
sea buckthorn,sea buckthorns,,Berries,
saskatoon berry,saskatoon berries,,Berries,
rosehip,rosehips,,Berries,
hawthorn,hawthorns,,Berries,
boysenberry,boysenberries,,Berries,
cloudberry,cloudberries,,Berries,
freeze-dried berry,freeze-dried berries,,Berries,
aronia berry,aronia berries,,Berries,
chokeberry,chokeberries,,Berries,
loganberry,loganberries,,Berries,
blackcurrant leaf,blackcurrant leaves,,Berries,
haskap berry,haskap berries,,Berries,
dewberry,dewberries,,Berries,
sloe berry,sloe berries,,Berries,
oregon grape,oregon grapes,,Berries,
walnut,walnuts,,Nuts & Seeds,
pecan,pecans,,Nuts & Seeds,
almond,almonds,,Nuts & Seeds,
sesame seed,sesame seeds,,Nuts & Seeds,
cashew,cashews,,Nuts & Seeds,
pine nut,pine nuts,,Nuts & Seeds,
pistachio,pistachios,,Nuts & Seeds,
peanut,peanuts,,Nuts & Seeds,
chia,chias,,Nuts & Seeds,
flax,flaxes,,Nuts & Seeds,
slivered almond,slivered almonds,,Nuts & Seeds,
pumpkin seed,pumpkin seeds,,Nuts & Seeds,
hazelnut,hazelnuts,,Nuts & Seeds,
poppy seed,poppy seeds,,Nuts & Seeds,
sunflower seed,sunflower seeds,,Nuts & Seeds,
macadamia,macadamias,,Nuts & Seeds,
roasted peanut,roasted peanuts,,Nuts & Seeds,
chopped nut,chopped nuts,,Nuts & Seeds,
hemp heart,hemp hearts,,Nuts & Seeds,
nigella seed,nigella seeds,,Nuts & Seeds,
mixed nut,mixed nuts,,Nuts & Seeds,
brazil nut,brazil nuts,,Nuts & Seeds,
mixed seed,mixed seeds,,Nuts & Seeds,
onion seed,onion seeds,,Nuts & Seeds,
watermelon seed,watermelon seeds,,Nuts & Seeds,
honey-roasted peanut,honey-roasted peanuts,,Nuts & Seeds,
melon seed,melon seeds,,Nuts & Seeds,
lotus seed,lotus seeds,,Nuts & Seeds,
white chia,white chias,,Nuts & Seeds,
trail mix,trail mixes,,Nuts & Seeds,
basil seed,basil seeds,,Nuts & Seeds,
candlenut,candlenuts,,Nuts & Seeds,
peanut brittle,peanut brittles,,Nuts & Seeds,
jackfruit seed,jackfruit seeds,,Nuts & Seeds,
honey-roasted almond,honey-roasted almonds,,Nuts & Seeds,
toasted nut,toasted nuts,,Nuts & Seeds,
chironji,chironjis,,Nuts & Seeds,
honey-roasted pecan,honey-roasted pecans,,Nuts & Seeds,
tigernut,tigernuts,,Nuts & Seeds,
sunflower sprout,sunflower sprouts,,Nuts & Seeds,
apricot kernel,apricot kernels,,Nuts & Seeds,
palm seed,palm seeds,,Nuts & Seeds,
ginkgo nut,ginkgo nuts,,Nuts & Seeds,
keto trail mix,keto trail mixes,,Nuts & Seeds,
wattleseed,wattleseeds,,Nuts & Seeds,
barùka,barùkas,,Nuts & Seeds,
indian almond,indian almonds,,Nuts & Seeds,
parmesan cheese,parmesan cheese,,Cheese,
cheddar cheese,cheddar cheese,,Cheese,cheddar cheese
cream cheese,cream cheese,,Cheese,
sharp cheddar cheese,sharp cheddar cheese,,Cheese,sharp cheddar
cheese,cheese,,Cheese,
mozzarella cheese,mozzarella cheese,,Cheese,
feta cheese,feta cheese,,Cheese,
ricotta cheese,ricotta cheese,,Cheese,
cheddar-jack cheese,cheddar-jack cheese,,Cheese,
monterey jack cheese,monterey jack cheese,,Cheese,
blue cheese,blue cheese,,Cheese,
goat cheese,goat cheese,,Cheese,
fresh mozzarella cheese,fresh mozzarella cheese,,Cheese,
swis cheese,swis cheese,,Cheese,
pecorino cheese,pecorino cheese,,Cheese,
gruyere cheese,gruyere cheese,,Cheese,
mascarpone cheese,mascarpone cheese,,Cheese,
cottage cheese,cottage cheese,,Cheese,
american cheese,american cheese,,Cheese,
provolone cheese,provolone cheese,,Cheese,
mexican cheese blend,mexican cheese blend,,Cheese,
pepper jack cheese,pepper jack cheese,,Cheese,
brie cheese,brie cheese,,Cheese,
paneer cheese,paneer cheese,,Cheese,
fontina cheese,fontina cheese,,Cheese,
queso fresco cheese,queso fresco cheese,,Cheese,
quark cheese,quark cheese,,Cheese,
gouda cheese,gouda cheese,,Cheese,
cotija cheese,cotija cheese,,Cheese,
asiago cheese,asiago cheese,,Cheese,
smoked cheese,smoked cheese,,Cheese,
halloumi cheese,halloumi cheese,,Cheese,
chevre cheese,chevre cheese,,Cheese,
manchego cheese,manchego cheese,,Cheese,
italian cheese blend,italian cheese blend,,Cheese,
neufchatel cheese,neufchatel cheese,,Cheese,
herb cream cheese,herb cream cheese,,Cheese,
burrata cheese,burrata cheese,,Cheese,
havarti cheese,havarti cheese,,Cheese,
colby cheese,colby cheese,,Cheese,
grana-padano cheese,grana-padano cheese,,Cheese,
muenster cheese,muenster cheese,,Cheese,
string cheese,string cheese,,Cheese,
camembert cheese,camembert cheese,,Cheese,
soft cheese,soft cheese,,Cheese,
stilton cheese,stilton cheese,,Cheese,
raclette cheese,raclette cheese,,Cheese,
colby-jack cheese,colby-jack cheese,,Cheese,
jarlsberg cheese,jarlsberg cheese,,Cheese,
taleggio cheese,taleggio cheese,,Cheese,
oaxaca cheese,oaxaca cheese,,Cheese,
labneh cheese,labneh cheese,,Cheese,
edam cheese,edam cheese,,Cheese,
creamy cheese wedge,creamy cheese wedges,,Cheese,
cheese powder cheese,cheese powder cheese,,Cheese,
fromage blanc cheese,fromage blanc cheese,,Cheese,
asadero cheese,asadero cheese,,Cheese,
marble cheese,marble cheese,,Cheese,
leicester cheese,leicester cheese,,Cheese,
kefalotyri cheese,kefalotyri cheese,,Cheese,
mizithra cheese,mizithra cheese,,Cheese,
lancashire cheese,lancashire cheese,,Cheese,
kasseri cheese,kasseri cheese,,Cheese,
babybel cheese,babybel cheese,,Cheese,
panela cheese,panela cheese,,Cheese,
longhorn cheese,longhorn cheese,,Cheese,
seasoned feta cheese,seasoned feta cheese,,Cheese,
comté cheese,comté cheese,,Cheese,
graviera cheese,graviera cheese,,Cheese,
wensleydale cheese,wensleydale cheese,,Cheese,
scamorza cheese,scamorza cheese,,Cheese,
cambozola cheese,cambozola cheese,,Cheese,
cheshire cheese,cheshire cheese,,Cheese,
anthotyro cheese,anthotyro cheese,,Cheese,
chenna cheese,chenna cheese,,Cheese,
hard goat cheese,hard goat cheese,,Cheese,
kashkaval cheese,kashkaval cheese,,Cheese,
sheep cheese,sheep cheese,,Cheese,
amul cheese,amul cheese,,Cheese,
reblochon cheese,reblochon cheese,,Cheese,
robiola cheese,robiola cheese,,Cheese,
brick cheese,brick cheese,,Cheese,
quick-melt cheese,quick-melt cheese,,Cheese,
farmer's cheese,farmer's cheese,,Cheese,
manouri cheese,manouri cheese,,Cheese,
mimolette cheese,mimolette cheese,,Cheese,
queso quesadilla cheese,queso quesadilla cheese,,Cheese,
caciocavallo cheese,caciocavalloe cheese,,Cheese,
requeijão cheese,requeijãoe cheese,,Cheese,
vacherin cheese,vacherin cheese,,Cheese,
brown cheese,brown cheese,,Cheese,
gloucester cheese,gloucester cheese,,Cheese,
port salut cheese,port salut cheese,,Cheese,
derby cheese,derby cheese,,Cheese,
fontal cheese,fontal cheese,,Cheese,
salad cheese,salad cheese,,Cheese,
truffle cheese,truffle cheese,,Cheese,
epoisses cheese,epoisses cheese,,Cheese,
maasdam cheese,maasdam cheese,,Cheese,
petit-suisse cheese,petit-suisse cheese,,Cheese,
sbrinz cheese,sbrinz cheese,,Cheese,
butter,butter,,Dairy & Eggs,
egg,eggs,,Dairy & Eggs,
milk,milk,,Dairy & Eggs,
heavy cream,heavy cream,,Dairy & Eggs,
sour cream,sour cream,,Dairy & Eggs,
buttermilk,buttermilk,,Dairy & Eggs,
yogurt,yogurts,,Dairy & Eggs,
greek yogurt,greek yogurts,,Dairy & Eggs,
cream,cream,,Dairy & Eggs,
whipped cream,whipped cream,,Dairy & Eggs,
ghee,ghees,,Dairy & Eggs,clarified butter
shortening,shortenings,,Dairy & Eggs,
condensed milk,condensed milk,,Dairy & Eggs,
half and half,half and halves,,Dairy & Eggs,
sweetened condensed milk,sweetened condensed milk,,Dairy & Eggs,
ice cream,ice cream,,Dairy & Eggs,
margarine,margarines,,Dairy & Eggs,
creme fraiche,creme fraiches,,Dairy & Eggs,
frosting,frostings,,Dairy & Eggs,
milk powder,milk powder,,Dairy & Eggs,
curd,curds,,Dairy & Eggs,
thickened cream,thickened cream,,Dairy & Eggs,
lemon curd,lemon curds,,Dairy & Eggs,
dulce de leche,dulce de leche,,Dairy & Eggs,
custard,custard,,Dairy & Eggs,
chocolate frosting,chocolate frostings,,Dairy & Eggs,
kefir,kefirs,,Dairy & Eggs,
sherbet,sherbets,,Dairy & Eggs,
chocolate milk,chocolate milk,,Dairy & Eggs,
liquid egg substitute,liquid egg substitutes,,Dairy & Eggs,
whey,wheys,,Dairy & Eggs,
hung curd,hung curds,,Dairy & Eggs,
quail egg,quail eggs,,Dairy & Eggs,
buttermilk powder,buttermilk powder,,Dairy & Eggs,
frozen yogurt,frozen yogurts,,Dairy & Eggs,
khoya,khoyas,,Dairy & Eggs,
milk cream,milk cream,,Dairy & Eggs,
coffee creamer,coffee creamers,,Dairy & Eggs,
clotted cream,clotted cream,,Dairy & Eggs,
goat milk,goat milk,,Dairy & Eggs,
cheese curd,cheese curds,,Dairy & Eggs,
sour milk,sour milk,,Dairy & Eggs,
ganache,ganaches,,Dairy & Eggs,
cajeta,cajetas,,Dairy & Eggs,
duck egg,duck eggs,,Dairy & Eggs,
salted egg,salted eggs,,Dairy & Eggs,
skyr,skyrs,,Dairy & Eggs,
pumpkin spice coffee creamer,pumpkin spice coffee creamers,,Dairy & Eggs,
raw milk,raw milk,,Dairy & Eggs,
lime curd,lime curds,,Dairy & Eggs,
powdered coffee creamer,powdered coffee creamers,,Dairy & Eggs,
chantilly,chantillies,,Dairy & Eggs,
milkfat,milkfats,,Dairy & Eggs,
yogurt starter,yogurt starters,,Dairy & Eggs,
rainbow sherbet,rainbow sherbets,,Dairy & Eggs,
strawberry frosting,strawberry frostings,,Dairy & Eggs,
honey greek yogurt,honey greek yogurts,,Dairy & Eggs,
amul butter,amul butter,,Dairy & Eggs,
honey butter,honey butter,,Dairy & Eggs,
strawberry cream cheese,strawberry cream cheese,,Dairy & Eggs,
goat butter,goat butter,,Dairy & Eggs,
century egg,century eggs,,Dairy & Eggs,
orange curd,orange curds,,Dairy & Eggs,
goat yogurt,goat yogurts,,Dairy & Eggs,
dahi,dahis,,Dairy & Eggs,
cinnamon sugar butter spread,cinnamon sugar butter spreads,,Dairy & Eggs,
bulgarian yogurt,bulgarian yogurts,,Dairy & Eggs,
tvorog,tvorogs,,Dairy & Eggs,
chocolate milk powder,chocolate milk powder,,Dairy & Eggs,
liquid rennet,liquid rennets,,Dairy & Eggs,
sheep’s milk yoghurt,sheep’s milk yoghurts,,Dairy & Eggs,
strawberry milk,strawberry milk,,Dairy & Eggs,
ayran,ayrans,,Dairy & Eggs,
cuajada,cuajadas,,Dairy & Eggs,
yogurt drink,yogurt drinks,,Dairy & Eggs,
passion-fruit curd,passion-fruit curds,,Dairy & Eggs,
pickled egg,pickled eggs,,Dairy & Eggs,
sheep milk,sheep milk,,Dairy & Eggs,
starter culture,starter cultures,,Dairy & Eggs,
kashk,kashks,,Dairy & Eggs,
ostrich egg,ostrich eggs,,Dairy & Eggs,
vanilla milk,vanilla milk,,Dairy & Eggs,
yoplait whip,yoplait whips,,Dairy & Eggs,
buffalo milk,buffalo milk,,Dairy & Eggs,
goat kefir,goat kefirs,,Dairy & Eggs,
lebneh,lebnehs,,Dairy & Eggs,
coconut milk,coconut milk,,Dairy-Free & Meat Substitutes,
almond milk,almond milk,,Dairy-Free & Meat Substitutes,
almond butter,almond butter,,Dairy-Free & Meat Substitutes,
tofu,tofus,,Dairy-Free & Meat Substitutes,
coconut cream,coconut cream,,Dairy-Free & Meat Substitutes,
vegan butter,vegan butter,,Dairy-Free & Meat Substitutes,
non-dairy milk,non-dairy milk,,Dairy-Free & Meat Substitutes,
soy milk,soy milk,,Dairy-Free & Meat Substitutes,
extra firm tofu,extra firm tofus,,Dairy-Free & Meat Substitutes,
silken tofu,silken tofus,,Dairy-Free & Meat Substitutes,
kala namak salt,kala namak salt,,Dairy-Free & Meat Substitutes,
coconut butter,coconut butter,,Dairy-Free & Meat Substitutes,
egg replacer,egg replacers,,Dairy-Free & Meat Substitutes,
vegan mayonnaise,vegan mayonnaise,,Dairy-Free & Meat Substitutes,
vegan cheese,vegan cheese,,Dairy-Free & Meat Substitutes,
cashew butter,cashew butter,,Dairy-Free & Meat Substitutes,
tempeh,tempehs,,Dairy-Free & Meat Substitutes,
vegan cream cheese,vegan cream cheese,,Dairy-Free & Meat Substitutes,
coconut yogurt,coconut yogurts,,Dairy-Free & Meat Substitutes,
non-dairy yogurt,non-dairy yogurts,,Dairy-Free & Meat Substitutes,
seed butter,seed butter,,Dairy-Free & Meat Substitutes,
cashew milk,cashew milk,,Dairy-Free & Meat Substitutes,
oat milk,oat milk,,Dairy-Free & Meat Substitutes,
nut butter,nut butter,,Dairy-Free & Meat Substitutes,
rice milk,rice milk,,Dairy-Free & Meat Substitutes,
vegan sour cream,vegan sour cream,,Dairy-Free & Meat Substitutes,
textured vegetable protein,textured vegetable proteins,,Dairy-Free & Meat Substitutes,
vegan worcestershire,vegan worcestershires,,Dairy-Free & Meat Substitutes,
soy yogurt,soy yogurts,,Dairy-Free & Meat Substitutes,
vegan mozzarella,vegan mozzarellas,,Dairy-Free & Meat Substitutes,
non-dairy creamer,non-dairy creamers,,Dairy-Free & Meat Substitutes,
vegan sausage,vegan sausages,,Dairy-Free & Meat Substitutes,
coconut whipped cream,coconut whipped cream,,Dairy-Free & Meat Substitutes,
smoked tofu,smoked tofus,,Dairy-Free & Meat Substitutes,
coconut powder,coconut powder,,Dairy-Free & Meat Substitutes,
soy cream,soy cream,,Dairy-Free & Meat Substitutes,
seitan,seitans,,Dairy-Free & Meat Substitutes,
coconut milk powder,coconut milk powder,,Dairy-Free & Meat Substitutes,
non-dairy whipped topping,non-dairy whipped toppings,,Dairy-Free & Meat Substitutes,
nut milk,nut milk,,Dairy-Free & Meat Substitutes,
non-dairy cream,non-dairy cream,,Dairy-Free & Meat Substitutes,
vegan burger patty,vegan burger patties,,Dairy-Free & Meat Substitutes,
condensed coconut milk,condensed coconut milk,,Dairy-Free & Meat Substitutes,
vegan ground beef,vegan ground beefs,,Dairy-Free & Meat Substitutes,
pulled oat,pulled oats,,Dairy-Free & Meat Substitutes,
vegan bacon,vegan bacons,,Dairy-Free & Meat Substitutes,
soy curl,soy curls,,Dairy-Free & Meat Substitutes,
vegan pesto,vegan pestoes,,Dairy-Free & Meat Substitutes,
marinated tofu,marinated tofus,,Dairy-Free & Meat Substitutes,
vegan feta,vegan fetas,,Dairy-Free & Meat Substitutes,
soy chorizo,soy chorizoes,,Dairy-Free & Meat Substitutes,
hemp milk,hemp milk,,Dairy-Free & Meat Substitutes,
vegan beef,vegan beefs,,Dairy-Free & Meat Substitutes,
hazelnut butter,hazelnut butter,,Dairy-Free & Meat Substitutes,
vegan ranch,vegan ranches,,Dairy-Free & Meat Substitutes,
vegan chicken,vegan chickens,,Dairy-Free & Meat Substitutes,
coconut paste,coconut paste,,Dairy-Free & Meat Substitutes,
vegetable suet,vegetable suets,,Dairy-Free & Meat Substitutes,
dairy-free ice-cream,dairy-free ice-cream,,Dairy-Free & Meat Substitutes,
almond-coconut milk,almond-coconut milk,,Dairy-Free & Meat Substitutes,
banana blossom,banana blossoms,,Dairy-Free & Meat Substitutes,
vegan fish sauce,vegan fish sauce,,Dairy-Free & Meat Substitutes,
vegetarian hot dog,vegetarian hot dogs,,Dairy-Free & Meat Substitutes,
hazelnut milk,hazelnut milk,,Dairy-Free & Meat Substitutes,
maple almond butter,maple almond butter,,Dairy-Free & Meat Substitutes,
vegan meatball,vegan meatballs,,Dairy-Free & Meat Substitutes,
almond-milk yogurt,almond-milk yogurts,,Dairy-Free & Meat Substitutes,
almond creamer,almond creamers,,Dairy-Free & Meat Substitutes,
soy milk powder,soy milk powder,,Dairy-Free & Meat Substitutes,
vegan cream cheese frosting,vegan cream cheese frostings,,Dairy-Free & Meat Substitutes,
coconut manna,coconut mannas,,Dairy-Free & Meat Substitutes,
falafel mix,falafel mixes,,Dairy-Free & Meat Substitutes,
ready-made falafel,ready-made falafels,,Dairy-Free & Meat Substitutes,
vegan gravy,vegan gravies,,Dairy-Free & Meat Substitutes,
cashew cheese sauce,cashew cheese sauce,,Dairy-Free & Meat Substitutes,
coconut fat,coconut fats,,Dairy-Free & Meat Substitutes,
flax milk,flax milk,,Dairy-Free & Meat Substitutes,
hazelnut creamer,hazelnut creamers,,Dairy-Free & Meat Substitutes,
quorn,quorns,,Dairy-Free & Meat Substitutes,
soy-free butter,soy-free butter,,Dairy-Free & Meat Substitutes,
tofurky,tofurkies,,Dairy-Free & Meat Substitutes,
vegan nutella,vegan nutellas,,Dairy-Free & Meat Substitutes,
vegan tzatziki,vegan tzatzikis,,Dairy-Free & Meat Substitutes,
cashew cream cheese,cashew cream cheese,,Dairy-Free & Meat Substitutes,
cricket flour,cricket flour,,Dairy-Free & Meat Substitutes,
macadamia butter,macadamia butter,,Dairy-Free & Meat Substitutes,
okara,okaras,,Dairy-Free & Meat Substitutes,
egg tofu,egg tofus,,Dairy-Free & Meat Substitutes,
protein drink,protein drinks,,Dairy-Free & Meat Substitutes,
macadamia milk,macadamia milk,,Dairy-Free & Meat Substitutes,
vegan taco meat,vegan taco meats,,Dairy-Free & Meat Substitutes,
walnut taco meat,walnut taco meats,,Dairy-Free & Meat Substitutes,
vegan yogurt starter,vegan yogurt starters,,Dairy-Free & Meat Substitutes,
banana milk,banana milk,,Dairy-Free & Meat Substitutes,
soy quark,soy quarks,,Dairy-Free & Meat Substitutes,
vegan chicken nugget,vegan chicken nuggets,,Dairy-Free & Meat Substitutes,
vegan starter culture,vegan starter cultures,,Dairy-Free & Meat Substitutes,
walnut milk,walnut milk,,Dairy-Free & Meat Substitutes,
latik,latiks,,Dairy-Free & Meat Substitutes,
rice cream,rice cream,,Dairy-Free & Meat Substitutes,
bacon,bacons,,Meats,
chopped bacon,chopped bacons,,Meats,
ground beef,ground beefs,,Meats,
beef steak,beef steaks,,Meats,
ham,hams,,Meats,
pork chop,pork chops,,Meats,
sweet italian sausage,sweet italian sausages,,Meats,
pork loin,pork loins,,Meats,
prosciutto,prosciuttoes,,Meats,
sausage,sausages,,Meats,
beef roast,beef roasts,,Meats,
ground pork,ground porks,,Meats,
beef stew meat,beef stew meats,,Meats,
pepperoni,pepperonis,,Meats,
chorizo,chorizoes,,Meats,
pancetta,pancettas,,Meats,
pork fillet,pork fillets,,Meats,
pork shoulder,pork shoulders,,Meats,
ground lamb,ground lambs,,Meats,
pork rib,pork ribs,,Meats,
smoked sausage,smoked sausages,,Meats,
breakfast sausage,breakfast sausages,,Meats,
hot dog,hot dogs,,Meats,
beef sirloin,beef sirloins,,Meats,
salami,salamis,,Meats,
brisket,briskets,,Meats,
deli ham,deli hams,,Meats,
leg of lamb,leg of lamb,,Meats,
beef short rib,beef short ribs,,Meats,
kielbasa,kielbasas,,Meats,
pork belly,pork bellies,,Meats,
andouille,andouilles,,Meats,
boneless lamb,boneless lambs,,Meats,
ground sausage,ground sausages,,Meats,
ground pork sausage,ground pork sausages,,Meats,
roast beef,roast beefs,,Meats,
bacon bit,bacon bits,,Meats,
pork roast,pork roasts,,Meats,
hot italian sausage,hot italian sausages,,Meats,
pork spare rib,pork spare ribs,,Meats,
lamb shoulder,lamb shoulders,,Meats,
beef rib,beef ribs,,Meats,
veal steak,veal steaks,,Meats,
lamb chop,lamb chops,,Meats,
bone-in ham,bone-in hams,,Meats,
pork butt,pork butts,,Meats,
canadian bacon,canadian bacons,,Meats,
beef sausage,beef sausages,,Meats,
lamb shank,lamb shanks,,Meats,
mutton,muttons,,Meats,
ham steak,ham steaks,,Meats,
venison,venisons,,Meats,
bratwurst,bratwursts,,Meats,
pulled pork,pulled porks,,Meats,
ham hock,ham hocks,,Meats,
frozen meatball,frozen meatballs,,Meats,
mixed ground meat,mixed ground meats,,Meats,
rabbit,rabbits,,Meats,
pork cutlet,pork cutlets,,Meats,
veal cutlet,veal cutlets,,Meats,
soup bone,soup bones,,Meats,
lamb loin,lamb loins,,Meats,
pork steak,pork steaks,,Meats,
mexican chorizo,mexican chorizoes,,Meats,
rack of lamb,rack of lamb,,Meats,
pork back rib,pork back ribs,,Meats,
country style rib,country style ribs,,Meats,
black forest ham,black forest hams,,Meats,
oxtail,oxtails,,Meats,
smoked ham hock,smoked ham hocks,,Meats,
serrano ham,serrano hams,,Meats,
raw chorizo,raw chorizoes,,Meats,
beef liver,beef livers,,Meats,
pastrami,pastramis,,Meats,
cocktail sausage,cocktail sausages,,Meats,
hard salami,hard salamis,,Meats,
back bacon,back bacons,,Meats,
salt pork,salt porks,,Meats,
veal shank,veal shanks,,Meats,
ground venison,ground venisons,,Meats,
beef shank,beef shanks,,Meats,
lap cheong,lap cheongs,,Meats,
blood sausage,blood sausages,,Meats,
dried beef,dried beefs,,Meats,
gammon joint,gammon joints,,Meats,
boneless beef short rib,boneless beef short ribs,,Meats,
country ham,country hams,,Meats,
boneless ham,boneless hams,,Meats,
mortadella,mortadellas,,Meats,
ground bison,ground bisons,,Meats,
fresh sausage,fresh sausages,,Meats,
bologna,bolognas,,Meats,
burger patty,burger patties,,Meats,
smoked pork chop,smoked pork chops,,Meats,
lamb neck,lamb necks,,Meats,
sausage patty,sausage patties,,Meats,
beef suet,beef suets,,Meats,
veal roast,veal roasts,,Meats,
beef shoulder,beef shoulders,,Meats,
steak tip,steak tips,,Meats,
veal chop,veal chops,,Meats,
chicken breast,chicken breasts,,Poultry,
chicken thigh,chicken thighs,,Poultry,
cooked chicken,cooked chickens,,Poultry,
ground turkey,ground turkeys,,Poultry,
whole chicken,whole chickens,,Poultry,
whole turkey,whole turkeys,,Poultry,
chicken leg,chicken legs,,Poultry,
chicken wing,chicken wings,,Poultry,
turkey breast,turkey breasts,,Poultry,
ground chicken,ground chickens,,Poultry,
rotisserie chicken,rotisserie chickens,,Poultry,
chicken tender,chicken tenders,,Poultry,
turkey sausage,turkey sausages,,Poultry,
chicken sausage,chicken sausages,,Poultry,
turkey bacon,turkey bacons,,Poultry,
duck,ducks,,Poultry,
duck breast,duck breasts,,Poultry,
boneless chicken,boneless chickens,,Poultry,
chicken liver,chicken livers,,Poultry,
cornish hen,cornish hens,,Poultry,
deli turkey,deli turkeys,,Poultry,
smoked turkey,smoked turkeys,,Poultry,
turkey meat,turkey meats,,Poultry,
chicken quarter,chicken quarters,,Poultry,
ground turkey sausage,ground turkey sausages,,Poultry,
quail,quails,,Poultry,
smoked turkey sausage,smoked turkey sausages,,Poultry,
smoked chicken,smoked chickens,,Poultry,
turkey leg,turkey legs,,Poultry,
pheasant,pheasants,,Poultry,
goose,geese,,Poultry,
turkey pepperoni,turkey pepperonis,,Poultry,
turkey ham,turkey hams,,Poultry,
turkey thigh,turkey thighs,,Poultry,
chicken bone,chicken bones,,Poultry,
turkey meatball,turkey meatballs,,Poultry,
foie gra,foie gras,,Poultry,
chicken giblet,chicken giblets,,Poultry,
turkey wing,turkey wings,,Poultry,
turkey giblet,turkey giblets,,Poultry,
turkey neck,turkey necks,,Poultry,
chicken nugget,chicken nuggets,,Poultry,
turkey burger,turkey burgers,,Poultry,
chicken andouille,chicken andouilles,,Poultry,
chicken gizzard,chicken gizzards,,Poultry,
smoked turkey leg,smoked turkey legs,,Poultry,
chicken italian sausage,chicken italian sausages,,Poultry,
crispy chicken strip,crispy chicken strips,,Poultry,
ostrich,ostriches,,Poultry,
popcorn chicken,popcorn chickens,,Poultry,
turkey kielbasa,turkey kielbasas,,Poultry,
chicken-apple sausage,chicken-apple sausages,,Poultry,
chicken foot,chicken feet,,Poultry,
pulled chicken,pulled chickens,,Poultry,
deli chicken,deli chickens,,Poultry,
smoked duck breast,smoked duck breasts,,Poultry,
pigeon,pigeons,,Poultry,
wild game bird,wild game birds,,Poultry,
turkey liver,turkey livers,,Poultry,
chicken neck,chicken necks,,Poultry,
duck confit,duck confits,,Poultry,
roast duck,roast ducks,,Poultry,
chicken meatball,chicken meatballs,,Poultry,
duck liver,duck livers,,Poultry,
guinea fowl,guinea fowls,,Poultry,
smoked turkey wing,smoked turkey wings,,Poultry,
chicken curry-cut,chicken curry-cuts,,Poultry,
chicken schnitzel,chicken schnitzels,,Poultry,
grouse,grouses,,Poultry,
chicken roast,chicken roasts,,Poultry,
goose liver,goose livers,,Poultry,
turkey bone,turkey bones,,Poultry,
turkey lunch meat,turkey lunch meats,,Poultry,
turkey roast,turkey roasts,,Poultry,
capon,capons,,Poultry,
smoked turkey bacon,smoked turkey bacons,,Poultry,
chicken bacon,chicken bacons,,Poultry,
turkey rissole,turkey rissoles,,Poultry,
chicken kebab,chicken kebabs,,Poultry,
chicken ham,chicken hams,,Poultry,
duck neck,duck necks,,Poultry,
chicken chorizo,chicken chorizoes,,Poultry,
chicken frame,chicken frames,,Poultry,
duck bacon,duck bacons,,Poultry,
pulled turkey,pulled turkeys,,Poultry,
chicken gyro,chicken gyros,,Poultry,
chicken patty,chicken patties,,Poultry,
chicken rib,chicken ribs,,Poultry,
turkey tail,turkey tails,,Poultry,
chicken milanesa,chicken milanesas,,Poultry,
salmon,salmon,,Fish,
smoked salmon,smoked salmon,,Fish,
cod,cod,,Fish,
tilapia,tilapias,,Fish,
tuna steak,tuna steaks,,Fish,
whitefish,whitefish,,Fish,
halibut,halibuts,,Fish,
red snapper,red snappers,,Fish,
sea bas,sea bass,,Fish,
fish fillet,fish fillets,,Fish,
trout,trout,,Fish,
catfish,catfishes,,Fish,
surimi,surimis,,Fish,
swordfish,swordfish,,Fish,
sardine,sardines,,Fish,
sole,soles,,Fish,
mahi mahi,mahi mahis,,Fish,
mackerel,mackerel,,Fish,
smoked trout,smoked trout,,Fish,
caviar,caviars,,Fish,
haddock,haddocks,,Fish,
monkfish,monkfish,,Fish,
smoked haddock,smoked haddocks,,Fish,
flounder,flounder,,Fish,
perch,perches,,Fish,
hake,hakes,,Fish,
pollock,pollocks,,Fish,
salt cod,salt cod,,Fish,
smoked mackerel,smoked mackerel,,Fish,
sea bream,sea bream,,Fish,
rainbow trout,rainbow trout,,Fish,
carp,carp,,Fish,
cuttlefish,cuttlefish,,Fish,
grouper,groupers,,Fish,
herring,herrings,,Fish,
salmon roe,salmon roes,,Fish,
steelhead trout,steelhead trout,,Fish,
roe,roes,,Fish,
barramundi,barramundis,,Fish,
black cod,black cod,,Fish,
kingfish,kingfish,,Fish,
orange roughy,orange roughies,,Fish,
turbot,turbots,,Fish,
bangús,bangús,,Fish,
rockfish,rockfish,,Fish,
branzino,branzinoes,,Fish,
pomfret,pomfrets,,Fish,
eel,eels,,Fish,
dried anchovy,dried anchovies,,Fish,
arctic char,arctic chars,,Fish,
fresh anchovy,fresh anchovies,,Fish,
lemon sole,lemon soles,,Fish,
yellowtail,yellowtails,,Fish,
battered fish,battered fish,,Fish,
pike,pikes,,Fish,
pickled herring,pickled herrings,,Fish,
john dory,john dories,,Fish,
swai fish,swai fish,,Fish,
walleye,walleyes,,Fish,
fresh mackerel,fresh mackerel,,Fish,
salmon trout,salmon trout,,Fish,
basa fish,basa fish,,Fish,
smoked eel,smoked eels,,Fish,
fish ball,fish balls,,Fish,
sturgeon,sturgeons,,Fish,
bluefish,bluefish,,Fish,
red mullet,red mullets,,Fish,
gurnard,gurnards,,Fish,
plaice,plaices,,Fish,
pompano,pompanoes,,Fish,
smoked fish,smoked fish,,Fish,
fish head,fish heads,,Fish,
rohu fish,rohu fish,,Fish,
dried fish,dried fish,,Fish,
flathead,flatheads,,Fish,
fish cake,fish cakes,,Fish,
salt fish,salt fish,,Fish,
smoked herring,smoked herrings,,Fish,
whiting,whiting,,Fish,
salmon burger meat,salmon burger meats,,Fish,
shark meat,shark meats,,Fish,
garoupa,garoupas,,Fish,
gilt-head bream,gilt-head bream,,Fish,
pangasius,pangasius,,Fish,
salt herring,salt herrings,,Fish,
soused herring,soused herrings,,Fish,
tinapa,tinapas,,Fish,
zander,zanders,,Fish,
amberjack,amberjacks,,Fish,
korean fish cake,korean fish cakes,,Fish,
mullet,mullets,,Fish,
skipjack tuna,skipjack tuna,,Fish,
bottarga,bottargas,,Fish,
dried baby sardine,dried baby sardines,,Fish,
marlin,marlins,,Fish,
threadfin,threadfins,,Fish,
tiny fish,tiny fish,,Fish,
tuna belly,tuna bellies,,Fish,
beluga caviar,beluga caviars,,Fish,
bombay duck,bombay ducks,,Fish,
shrimp,shrimps,,Seafood & Seaweed,
octopuse,octopi,,Seafood & Seaweed,
prawn,prawns,,Seafood & Seaweed,
crab,crabs,,Seafood & Seaweed,
scallop,scallops,,Seafood & Seaweed,
mussel,mussels,,Seafood & Seaweed,
clam,clams,,Seafood & Seaweed,
squid,squids,,Seafood & Seaweed,
nori,noris,,Seafood & Seaweed,
lobster,lobsters,,Seafood & Seaweed,
oyster,oysters,,Seafood & Seaweed,
lobster tail,lobster tails,,Seafood & Seaweed,
crawfish,crawfish,,Seafood & Seaweed,
octopus,octopi,,Seafood & Seaweed,
kombu,kombu,,Seafood & Seaweed,
dried shrimp,dried shrimps,,Seafood & Seaweed,
bay scallop,bay scallops,,Seafood & Seaweed,
wakame,wakames,,Seafood & Seaweed,
soft-shell crab,soft-shell crabs,,Seafood & Seaweed,
scampi,scampis,,Seafood & Seaweed,
king crab,king crabs,,Seafood & Seaweed,
mixed seafood,mixed seafoods,,Seafood & Seaweed,
baby squid,baby squids,,Seafood & Seaweed,
squid ink,squid inks,,Seafood & Seaweed,
dried prawn,dried prawns,,Seafood & Seaweed,
dulse seaweed,dulse seaweeds,,Seafood & Seaweed,
roasted seaweed,roasted seaweeds,,Seafood & Seaweed,
smoked oyster,smoked oysters,,Seafood & Seaweed,
kelp,kelps,,Seafood & Seaweed,
kizami nori,kizami noris,,Seafood & Seaweed,
hijiki,hijikis,,Seafood & Seaweed,
salted shrimp,salted shrimps,,Seafood & Seaweed,
yaki-nori,yaki-noris,,Seafood & Seaweed,
conch,conches,,Seafood & Seaweed,
arame,arames,,Seafood & Seaweed,
calamari steak,calamari steaks,,Seafood & Seaweed,
mud crab,mud crabs,,Seafood & Seaweed,
sea urchin,sea urchins,,Seafood & Seaweed,
abalone,abalones,,Seafood & Seaweed,
seaweed salad,seaweed salads,,Seafood & Seaweed,
dulse,dulses,,Seafood & Seaweed,
smoked mussel,smoked mussels,,Seafood & Seaweed,
sea snail,sea snails,,Seafood & Seaweed,
aonori,aonoris,,Seafood & Seaweed,
prepared crab cake,prepared crab cakes,,Seafood & Seaweed,
sea lettuce,sea lettuce,,Seafood & Seaweed,
korean seaweed,korean seaweeds,,Seafood & Seaweed,
ogo seaweed,ogo seaweeds,,Seafood & Seaweed,
seaweed caviar,seaweed caviars,,Seafood & Seaweed,
haddock,haddocks,,Seafood & Seaweed,
sea mos,sea moss,,Seafood & Seaweed,
langoustine,langoustines,,Seafood & Seaweed,
cinnamon,cinnamon,,Herbs & Spices,
parsley,parsleys,,Herbs & Spices,
cilantro,cilantro,,Herbs & Spices,
cumin,cumins,,Herbs & Spices,
basil,basils,,Herbs & Spices,
thyme,thyme,,Herbs & Spices,
ginger root,ginger roots,,Herbs & Spices,
garlic powder,garlic powder,,Herbs & Spices,
oregano,oreganos,,Herbs & Spices,
nutmeg,nutmegs,,Herbs & Spices,
chili flake,chili flakes,,Herbs & Spices,
chili powder,chili powder,,Herbs & Spices,
paprika,paprika,,Herbs & Spices,
cayenne,cayennes,,Herbs & Spices,
rosemary,rosemaries,,Herbs & Spices,
bay leaf,bay leaves,,Herbs & Spices,
turmeric,turmerics,,Herbs & Spices,
clove,cloves,,Herbs & Spices,
onion powder,onion powder,,Herbs & Spices,
ginger powder,ginger powder,,Herbs & Spices,
panch puran,panch purans,,Herbs & Spices,
dill,dills,,Herbs & Spices,
chive,chives,,Herbs & Spices,
mint,mints,,Herbs & Spices,
green cardamom,green cardamoms,,Herbs & Spices,
smoked paprika,smoked paprika,,Herbs & Spices,
fresh mint,fresh mints,,Herbs & Spices,
coriander powder,coriander powder,,Herbs & Spices,
sage,sages,,Herbs & Spices,
coriander,corianders,,Herbs & Spices,
allspice,allspices,,Herbs & Spices,
cracked pepper,cracked pepper,,Herbs & Spices,
peppercorn,peppercorns,,Herbs & Spices,
mustard seed,mustard seeds,,Herbs & Spices,
white pepper,white pepper,,Herbs & Spices,
curry leaf,curry leaves,,Herbs & Spices,
fennel seed,fennel seeds,,Herbs & Spices,
tarragon,tarragons,,Herbs & Spices,
saffron,saffrons,,Herbs & Spices,
asafoetida,asafoetidas,,Herbs & Spices,
star anise,star anises,,Herbs & Spices,
marjoram,marjorams,,Herbs & Spices,
lemongras,lemongrass,,Herbs & Spices,
caraway,caraways,,Herbs & Spices,
garlic granule,garlic granules,,Herbs & Spices,
celery seed,celery seeds,,Herbs & Spices,
chipotle powder,chipotle powder,,Herbs & Spices,
chipotle,chipotles,,Herbs & Spices,
fenugreek,fenugreeks,,Herbs & Spices,
onion flake,onion flakes,,Herbs & Spices,
matcha powder,matcha powder,,Herbs & Spices,
ancho chile powder,ancho chile powder,,Herbs & Spices,
sumac,sumacs,,Herbs & Spices,
dried parsley flake,dried parsley flakes,,Herbs & Spices,
fenugreek seed,fenugreek seeds,,Herbs & Spices,
kashmiri red chilli,kashmiri red chillis,,Herbs & Spices,
thai basil,thai basils,,Herbs & Spices,
edible flower,edible flowers,,Herbs & Spices,
aniseed,aniseeds,,Herbs & Spices,
kaffir lime leaf,kaffir lime leaves,,Herbs & Spices,
chervil,chervils,,Herbs & Spices,
lavender,lavenders,,Herbs & Spices,
carom seed,carom seeds,,Herbs & Spices,
mexican oregano,mexican oreganos,,Herbs & Spices,
mace,maces,,Herbs & Spices,
mango powder,mango powder,,Herbs & Spices,
black mustard seed,black mustard seeds,,Herbs & Spices,
dried chili,dried chilies,,Herbs & Spices,
black cardamom,black cardamoms,,Herbs & Spices,
saffron strand,saffron strands,,Herbs & Spices,
guajillo pepper,guajillo peppers,,Herbs & Spices,
pink peppercorn,pink peppercorns,,Herbs & Spices,
hot paprika,hot paprika,,Herbs & Spices,
lemon thyme,lemon thyme,,Herbs & Spices,
galangal,galangals,,Herbs & Spices,
garlic flake,garlic flakes,,Herbs & Spices,
dried cilantro,dried cilantro,,Herbs & Spices,
lemon balm,lemon balm,,Herbs & Spices,
dill seed,dill seeds,,Herbs & Spices,
green peppercorn,green peppercorns,,Herbs & Spices,
aleppo pepper,aleppo peppers,,Herbs & Spices,
wasabi powder,wasabi powder,,Herbs & Spices,
achiote seed,achiote seeds,,Herbs & Spices,
savory herb,savory herbs,,Herbs & Spices,
pandan leaf,pandan leaves,,Herbs & Spices,
sorrel,sorrels,,Herbs & Spices,
gochugaru,gochugaru,,Herbs & Spices,
saigon cinnamon,saigon cinnamon,,Herbs & Spices,
lemongrass paste,lemongrass paste,,Herbs & Spices,
shiso,shisoes,,Herbs & Spices,
celery powder,celery powder,,Herbs & Spices,
black cumin,black cumins,,Herbs & Spices,
anardana,anardanas,,Herbs & Spices,
vietnamese mint,vietnamese mints,,Herbs & Spices,
dried orange peel,dried orange peels,,Herbs & Spices,
espelette pepper,espelette peppers,,Herbs & Spices,
lemon verbena,lemon verbenas,,Herbs & Spices,
raw stevia,raw stevia,,Herbs & Spices,
achiote paste,achiote paste,,Herbs & Spices,
summer savory,summer savories,,Herbs & Spices,
fennel pollen,fennel pollens,,Herbs & Spices,
sugar,sugar,,Sugar & Sweeteners,
brown sugar,brown sugar,,Sugar & Sweeteners,turbinado sugar
confectioners sugar,confectioners sugar,,Sugar & Sweeteners,powdered sugar|icing sugar
bar sugar,bar sugar,,Sugar & Sweeteners,castor sugar
maple syrup,maple syrup,,Sugar & Sweeteners,
corn syrup,corn syrup,,Sugar & Sweeteners,
coconut sugar,coconut sugar,,Sugar & Sweeteners,
molass,molasses,,Sugar & Sweeteners,
stevia,stevia,,Sugar & Sweeteners,
agave nectar,agave nectar,,Sugar & Sweeteners,
sugar syrup,sugar syrup,,Sugar & Sweeteners,
isomalt,isomalt,,Sugar & Sweeteners,
erythritol,erythritol,,Sugar & Sweeteners,
vanilla sugar,vanilla sugar,,Sugar & Sweeteners,
demerara sugar,demerara sugar,,Sugar & Sweeteners,
caramel syrup,caramel syrup,,Sugar & Sweeteners,
chocolate syrup,chocolate syrup,,Sugar & Sweeteners,
jaggery,jaggery,,Sugar & Sweeteners,
raw sugar,raw sugar,,Sugar & Sweeteners,
golden syrup,golden syrup,,Sugar & Sweeteners,
cinnamon sugar,cinnamon sugar,,Sugar & Sweeteners,
liquid stevia,liquid stevia,,Sugar & Sweeteners,
grenadine,grenadine,,Sugar & Sweeteners,
coarse sugar,coarse sugar,,Sugar & Sweeteners,
salted caramel syrup,salted caramel syrup,,Sugar & Sweeteners,
sanding sugar,sanding sugar,,Sugar & Sweeteners,
dark corn syrup,dark corn syrup,,Sugar & Sweeteners,
sucralose,sucralose,,Sugar & Sweeteners,
monk fruit sweetener,monk fruit sweeteners,,Sugar & Sweeteners,
maple sugar,maple sugar,,Sugar & Sweeteners,
blackstrap molass,blackstrap molasses,,Sugar & Sweeteners,
glucose,glucose,,Sugar & Sweeteners,
rock sugar,rock sugar,,Sugar & Sweeteners,
confectioners' sweetener,confectioners' sweeteners,,Sugar & Sweeteners,
xylitol,xylitols,,Sugar & Sweeteners,
jam sugar,jam sugar,,Sugar & Sweeteners,
brown rice syrup,brown rice syrup,,Sugar & Sweeteners,
brown sugar substitute,brown sugar substitutes,,Sugar & Sweeteners,
strawberry syrup,strawberry syrup,,Sugar & Sweeteners,
vanilla syrup,vanilla syrup,,Sugar & Sweeteners,
ginger syrup,ginger syrup,,Sugar & Sweeteners,
orgeat,orgeats,,Sugar & Sweeteners,
rice malt syrup,rice malt syrup,,Sugar & Sweeteners,
pancake syrup,pancake syrup,,Sugar & Sweeteners,
raspberry syrup,raspberry syrup,,Sugar & Sweeteners,
date syrup,date syrup,,Sugar & Sweeteners,
black treacle,black treacles,,Sugar & Sweeteners,
date paste,date paste,,Sugar & Sweeteners,
coconut syrup,coconut syrup,,Sugar & Sweeteners,
mint syrup,mint syrup,,Sugar & Sweeteners,
treacle,treacles,,Sugar & Sweeteners,
rice syrup,rice syrup,,Sugar & Sweeteners,
manuka honey,manuka honey,,Sugar & Sweeteners,
maple butter,maple butter,,Sugar & Sweeteners,
blueberry syrup,blueberry syrup,,Sugar & Sweeteners,
apple syrup,apple syrup,,Sugar & Sweeteners,
allulose,allulose,,Sugar & Sweeteners,
blackberry syrup,blackberry syrup,,Sugar & Sweeteners,
piloncillo,piloncillo,,Sugar & Sweeteners,
cherry syrup,cherry syrup,,Sugar & Sweeteners,
hibiscus syrup,hibiscus syrup,,Sugar & Sweeteners,
lavender syrup,lavender syrup,,Sugar & Sweeteners,
fresh sugar cane,fresh sugar canes,,Sugar & Sweeteners,
hazelnut syrup,hazelnut syrup,,Sugar & Sweeteners,
white chocolate sauce,white chocolate sauce,,Sugar & Sweeteners,
pumpkin spice syrup,pumpkin spice syrup,,Sugar & Sweeteners,
glycerine,glycerine,,Sugar & Sweeteners,
sorghum syrup,sorghum syrup,,Sugar & Sweeteners,
lucuma powder,lucuma powder,,Sugar & Sweeteners,
black sugar,black sugar,,Sugar & Sweeteners,
cranberry syrup,cranberry syrup,,Sugar & Sweeteners,
golden sugar,golden sugar,,Sugar & Sweeteners,
cane syrup,cane syrup,,Sugar & Sweeteners,
mango syrup,mango syrup,,Sugar & Sweeteners,
malt syrup,malt syrup,,Sugar & Sweeteners,
hot honey,hot honey,,Sugar & Sweeteners,
gula melaka,gula melakas,,Sugar & Sweeteners,
elderberry syrup,elderberry syrup,,Sugar & Sweeteners,
rosemary syrup,rosemary syrup,,Sugar & Sweeteners,
dark chocolate syrup,dark chocolate syrup,,Sugar & Sweeteners,
inulin,inulins,,Sugar & Sweeteners,
sweet'n low,sweet'n lows,,Sugar & Sweeteners,
fructose,fructose,,Sugar & Sweeteners,
honey powder,honey powder,,Sugar & Sweeteners,
berry syrup,berry syrup,,Sugar & Sweeteners,
grape syrup,grape syrup,,Sugar & Sweeteners,
brown butter syrup,brown butter syrup,,Sugar & Sweeteners,
date sugar,date sugar,,Sugar & Sweeteners,
mastic gum,mastic gums,,Sugar & Sweeteners,
gum syrup,gum syrup,,Sugar & Sweeteners,
irish cream syrup,irish cream syrup,,Sugar & Sweeteners,
prickly pear syrup,prickly pear syrup,,Sugar & Sweeteners,
cookie butter syrup,cookie butter syrup,,Sugar & Sweeteners,
creamed honey,creamed honey,,Sugar & Sweeteners,
buttermilk syrup,buttermilk syrup,,Sugar & Sweeteners,
chocolate sugar,chocolate sugar,,Sugar & Sweeteners,
flavored syrup,flavored syrup,,Sugar & Sweeteners,
elderflower syrup,elderflower syrup,,Sugar & Sweeteners,
malt sugar,malt sugar,,Sugar & Sweeteners,
buckwheat honey,buckwheat honey,,Sugar & Sweeteners,
truffle honey,truffle honey,,Sugar & Sweeteners,
italian seasoning,italian seasoning,,Seasonings & Spice Blends,
ranch dressing packet,ranch dressing packets,,Seasonings & Spice Blends,
seasoned salt,seasoned salt,,Seasonings & Spice Blends,
curry,curries,,Seasonings & Spice Blends,
garam masala,garam masalas,,Seasonings & Spice Blends,
pumpkin pie spice,pumpkin pie spices,,Seasonings & Spice Blends,
mustard powder,mustard powder,,Seasonings & Spice Blends,
taco seasoning,taco seasoning,,Seasonings & Spice Blends,
cajun seasoning,cajun seasoning,,Seasonings & Spice Blends,
dry ranch seasoning,dry ranch seasoning,,Seasonings & Spice Blends,
white miso,white misoes,,Seasonings & Spice Blends,
himalayan salt,himalayan salt,,Seasonings & Spice Blends,
lemon & pepper seasoning,lemon & pepper seasoning,,Seasonings & Spice Blends,
liquid smoke,liquid smokes,,Seasonings & Spice Blends,
poultry seasoning,poultry seasoning,,Seasonings & Spice Blends,
chinese five spice,chinese five spices,,Seasonings & Spice Blends,
red curry,red curries,,Seasonings & Spice Blends,
old bay seasoning,old bay seasoning,,Seasonings & Spice Blends,
herbe de provence,herbes de provence,,Seasonings & Spice Blends,
chaat masala,chaat masalas,,Seasonings & Spice Blends,
creole seasoning,creole seasoning,,Seasonings & Spice Blends,
steak seasoning,steak seasoning,,Seasonings & Spice Blends,
mixed spice,mixed spices,,Seasonings & Spice Blends,
fleur de sel,fleur de sel,,Seasonings & Spice Blends,
thai red curry paste,thai red curry paste,,Seasonings & Spice Blends,
mixed herb,mixed herbs,,Seasonings & Spice Blends,
green curry,green curries,,Seasonings & Spice Blends,
barbecue seasoning,barbecue seasoning,,Seasonings & Spice Blends,
apple pie spice,apple pie spices,,Seasonings & Spice Blends,
za'atar,za'atars,,Seasonings & Spice Blends,
ras el hanout,ras el hanouts,,Seasonings & Spice Blends,
all-purpose seasoning,all-purpose seasoning,,Seasonings & Spice Blends,
seafood seasoning,seafood seasoning,,Seasonings & Spice Blends,
bagel seasoning,bagel seasoning,,Seasonings & Spice Blends,
fajita seasoning,fajita seasoning,,Seasonings & Spice Blends,
tandoori spice,tandoori spices,,Seasonings & Spice Blends,
pickling spice,pickling spices,,Seasonings & Spice Blends,
caribbean jerk seasoning,caribbean jerk seasoning,,Seasonings & Spice Blends,
gravy mix,gravy mixes,,Seasonings & Spice Blends,
garlic & herb seasoning,garlic & herb seasoning,,Seasonings & Spice Blends,
garlic-pepper seasoning,garlic-pepper seasoning,,Seasonings & Spice Blends,
pickling salt,pickling salt,,Seasonings & Spice Blends,
greek seasoning,greek seasoning,,Seasonings & Spice Blends,
msg,msgs,,Seasonings & Spice Blends,
teriyaki marinade,teriyaki marinades,,Seasonings & Spice Blends,
adobo seasoning,adobo seasoning,,Seasonings & Spice Blends,
sambar powder,sambar powder,,Seasonings & Spice Blends,
smoked salt,smoked salt,,Seasonings & Spice Blends,
dash seasoning,dash seasoning,,Seasonings & Spice Blends,
red miso,red misoes,,Seasonings & Spice Blends,
hot curry,hot curries,,Seasonings & Spice Blends,
salt-free seasoning,salt-free seasoning,,Seasonings & Spice Blends,
carne asada seasoning,carne asada seasoning,,Seasonings & Spice Blends,
bouquet garni,bouquet garnis,,Seasonings & Spice Blends,
yellow miso,yellow misoes,,Seasonings & Spice Blends,
dukkah,dukkahs,,Seasonings & Spice Blends,
pav bhaji masala,pav bhaji masalas,,Seasonings & Spice Blends,
curing salt,curing salt,,Seasonings & Spice Blends,
mexican seasoning,mexican seasoning,,Seasonings & Spice Blends,
tajin seasoning,tajin seasoning,,Seasonings & Spice Blends,
seasoned pepper,seasoned peppers,,Seasonings & Spice Blends,
crab boil seasoning,crab boil seasoning,,Seasonings & Spice Blends,
shichimi togarashi,shichimi togarashis,,Seasonings & Spice Blends,
rib rub,rib rubs,,Seasonings & Spice Blends,
truffle salt,truffle salt,,Seasonings & Spice Blends,
biryani masala,biryani masalas,,Seasonings & Spice Blends,
furikake,furikakes,,Seasonings & Spice Blends,
togarashi,togarashis,,Seasonings & Spice Blends,
chipotle seasoning,chipotle seasoning,,Seasonings & Spice Blends,
meat masala,meat masalas,,Seasonings & Spice Blends,
harissa spice blend,harissa spice blends,,Seasonings & Spice Blends,
chana masala,chana masalas,,Seasonings & Spice Blends,
chicken gravy mix,chicken gravy mixes,,Seasonings & Spice Blends,
grey sea salt,grey sea salt,,Seasonings & Spice Blends,
chicken taco seasoning,chicken taco seasoning,,Seasonings & Spice Blends,
mushroom seasoning,mushroom seasoning,,Seasonings & Spice Blends,
au jus mix,au jus mixes,,Seasonings & Spice Blends,
gingerbread spice,gingerbread spices,,Seasonings & Spice Blends,
popcorn seasoning,popcorn seasoning,,Seasonings & Spice Blends,
berbere,berberes,,Seasonings & Spice Blends,
chili-lime seasoning,chili-lime seasoning,,Seasonings & Spice Blends,
brown miso,brown misoes,,Seasonings & Spice Blends,
blackening seasoning,blackening seasoning,,Seasonings & Spice Blends,
pizza seasoning,pizza seasoning,,Seasonings & Spice Blends,
fines herbe,fines herbes,,Seasonings & Spice Blends,
shawarma seasoning,shawarma seasoning,,Seasonings & Spice Blends,
chai masala,chai masalas,,Seasonings & Spice Blends,
panang curry,panang curries,,Seasonings & Spice Blends,
kitchen king masala,kitchen king masalas,,Seasonings & Spice Blends,
lemon & herb seasoning,lemon & herb seasoning,,Seasonings & Spice Blends,
vanilla salt,vanilla salt,,Seasonings & Spice Blends,
thai seasoning,thai seasoning,,Seasonings & Spice Blends,
mulling spice,mulling spices,,Seasonings & Spice Blends,
sriracha seasoning,sriracha seasoning,,Seasonings & Spice Blends,
coffee rub,coffee rubs,,Seasonings & Spice Blends,
hawaiian salt,hawaiian salt,,Seasonings & Spice Blends,
mesquite seasoning,mesquite seasoning,,Seasonings & Spice Blends,
tom yum paste,tom yum paste,,Seasonings & Spice Blends,
fish masala,fish masalas,,Seasonings & Spice Blends,
fresh mixed herb,fresh mixed herbs,,Seasonings & Spice Blends,
southwest chipotle seasoning,southwest chipotle seasoning,,Seasonings & Spice Blends,
flour,flour,,Baking,
vanilla extract,vanilla extract,,Baking,vanilla|vanillas
baking powder,baking powder,,Baking,
baking soda,baking sodas,,Baking,
cornstarch,cornstarches,,Baking,
yeast,yeasts,,Baking,
chocolate chip,chocolate chips,,Baking,
dark chocolate chip,dark chocolate chips,,Baking,
whole-wheat flour,whole-wheat flour,,Baking,whole wheat flour
almond flour,almond flour,,Baking,
self-raising flour,self-raising flour,,Baking,
shredded coconut,shredded coconuts,,Baking,
cornmeal,cornmeals,,Baking,
coconut flake,coconut flakes,,Baking,
gelatin,gelatins,,Baking,
pastry flour,pastry flour,,Baking,
coconut flour,coconut flour,,Baking,
baking mix,baking mixes,,Baking,
cake flour,cake flour,,Baking,
corn flour,corn flour,,Baking,
cream of tartar,cream of tartar,,Baking,
bread flour,bread flour,,Baking,
almond meal,almond meals,,Baking,
unbleached all-purpose flour,unbleached all-purpose flour,,Baking,unbleached flour|all-purpose flour|all purpose flour
white baking chip,white baking chips,,Baking,
gluten-free flour,gluten-free flour,,Baking,
rice flour,rice flour,,Baking,
desiccated coconut,desiccated coconuts,,Baking,
tapioca starch,tapioca starches,,Baking,
yellow cake mix,yellow cake mixes,,Baking,
chickpea flour,chickpea flour,,Baking,
xanthan gum,xanthan gums,,Baking,
oat flour,oat flour,,Baking,
whole-wheat pastry flour,whole-wheat pastry flour,,Baking,
whole-wheat,whole-wheats,,Baking,whole wheat|whole wheats
candy sprinkle,candy sprinkles,,Baking,
spelt,spelts,,Baking,
brownie mix,brownie mixes,,Baking,
arrowroot flour,arrowroot flour,,Baking,
flaxseed meal,flaxseed meals,,Baking,
chocolate cake mix,chocolate cake mixes,,Baking,
potato starch,potato starches,,Baking,
jello,jelloes,,Baking,
butterscotch chip,butterscotch chips,,Baking,
peanut butter chip,peanut butter chips,,Baking,
crystallized ginger,crystallized gingers,,Baking,
buckwheat flour,buckwheat flour,,Baking,
brown rice flour,brown rice flour,,Baking,
pectin,pectins,,Baking,
rye flour,rye flour,,Baking,
psyllium husk,psyllium husks,,Baking,
semolina flour,semolina flour,,Baking,
glutinous rice flour,glutinous rice flour,,Baking,
pancake mix,pancake mixes,,Baking,
refined flour,refined flour,,Baking,
muffin mix,muffin mixes,,Baking,
marzipan,marzipans,,Baking,
coffee bean,coffee beans,,Baking,
toffee bit,toffee bits,,Baking,
cornbread mix,cornbread mixes,,Baking,
spice cake mix,spice cake mixes,,Baking,
devil's food cake mix,devil's food cake mixes,,Baking,
sorghum flour,sorghum flour,,Baking,
potato flake,potato flakes,,Baking,
masa harina,masa harinas,,Baking,
cinnamon chip,cinnamon chips,,Baking,
agar agar,agar agars,,Baking,
red velvet cake mix,red velvet cake mixes,,Baking,
matzo meal,matzo meals,,Baking,
sago,sagos,,Baking,
white baking chocolate,white baking chocolate,,Baking,
cassava flour,cassava flour,,Baking,
whipped cream stabilizer,whipped cream stabilizers,,Baking,
sugar cookie mix,sugar cookie mixes,,Baking,
vital wheat gluten,vital wheat glutens,,Baking,
baking chip,baking chips,,Baking,
meringue powder,meringue powder,,Baking,
hazelnut flour,hazelnut flour,,Baking,
citric acid,citric acids,,Baking,
coconut chip,coconut chips,,Baking,
quinoa flour,quinoa flour,,Baking,
finger millet flour,finger millet flour,,Baking,
fondant,fondants,,Baking,
mint baking chip,mint baking chips,,Baking,
angel food cake mix,angel food cake mixes,,Baking,
white cornmeal,white cornmeals,,Baking,
millet flour,millet flour,,Baking,
mincemeat,mincemeats,,Baking,
gluten-free baking flour,gluten-free baking flour,,Baking,
einkorn flour,einkorn flour,,Baking,
self-rising cornmeal,self-rising cornmeals,,Baking,
gluten-free self-raising flour,gluten-free self-raising flour,,Baking,
peanut flour,peanut flour,,Baking,
sweet bean paste,sweet bean paste,,Baking,
carob powder,carob powder,,Baking,
tapioca pearl,tapioca pearls,,Baking,
teff flour,teff flour,,Baking,
guar gum,guar gums,,Baking,
potato flour,potato flour,,Baking,
ready-made icing,ready-made icings,,Baking,
fruit salt,fruit salt,,Baking,
pie crust,pie crusts,,Pre-Made Doughs & Wrappers,
puff pastry,puff pastries,,Pre-Made Doughs & Wrappers,
pizza crust,pizza crusts,,Pre-Made Doughs & Wrappers,
pizza dough,pizza doughs,,Pre-Made Doughs & Wrappers,
phyllo,phylloes,,Pre-Made Doughs & Wrappers,
refrigerated crescent roll,refrigerated crescent rolls,,Pre-Made Doughs & Wrappers,
biscuit dough,biscuit doughs,,Pre-Made Doughs & Wrappers,
dumpling wrapper,dumpling wrappers,,Pre-Made Doughs & Wrappers,
rice paper,rice papers,,Pre-Made Doughs & Wrappers,
sourdough starter,sourdough starters,,Pre-Made Doughs & Wrappers,
cookie dough,cookie doughs,,Pre-Made Doughs & Wrappers,
egg roll wrapper,egg roll wrappers,,Pre-Made Doughs & Wrappers,
bread dough,bread doughs,,Pre-Made Doughs & Wrappers,
butter puff pastry,butter puff pastries,,Pre-Made Doughs & Wrappers,
frozen dinner roll,frozen dinner rolls,,Pre-Made Doughs & Wrappers,
cinnamon roll dough,cinnamon roll doughs,,Pre-Made Doughs & Wrappers,
dosa batter,dosa batters,,Pre-Made Doughs & Wrappers,
puff pastry shell,puff pastry shells,,Pre-Made Doughs & Wrappers,
wonton,wontons,,Pre-Made Doughs & Wrappers,
gyoza wrapper,gyoza wrappers,,Pre-Made Doughs & Wrappers,
wonton strip,wonton strips,,Pre-Made Doughs & Wrappers,
gluten-free pizza crust,gluten-free pizza crusts,,Pre-Made Doughs & Wrappers,
fresh pasta dough,fresh pasta doughs,,Pre-Made Doughs & Wrappers,
idli batter,idli batters,,Pre-Made Doughs & Wrappers,
potsticker wrapper,potsticker wrappers,,Pre-Made Doughs & Wrappers,
chocolate pie crust,chocolate pie crusts,,Pre-Made Doughs & Wrappers,
croissant dough,croissant doughs,,Pre-Made Doughs & Wrappers,
tofu skin,tofu skins,,Pre-Made Doughs & Wrappers,
brisee,brisees,,Pre-Made Doughs & Wrappers,
sausage roll,sausage rolls,,Pre-Made Doughs & Wrappers,
kataifi,kataifis,,Pre-Made Doughs & Wrappers,
korean rice cake,korean rice cakes,,Pre-Made Doughs & Wrappers,
corn dog,corn dogs,,Pre-Made Doughs & Wrappers,
tortilla dough,tortilla doughs,,Pre-Made Doughs & Wrappers,
empanada wrapper,empanada wrappers,,Pre-Made Doughs & Wrappers,
rough-puff pastry,rough-puff pastries,,Pre-Made Doughs & Wrappers,
gingerbread cookie dough,gingerbread cookie doughs,,Pre-Made Doughs & Wrappers,
yufka,yufkas,,Pre-Made Doughs & Wrappers,
cob loaf,cob loaves,,Pre-Made Doughs & Wrappers,
egg wrap,egg wraps,,Pre-Made Doughs & Wrappers,
samosa sheet,samosa sheets,,Pre-Made Doughs & Wrappers,
frozen pizza roll,frozen pizza rolls,,Pre-Made Doughs & Wrappers,
brick pastry,brick pastries,,Pre-Made Doughs & Wrappers,
rolled oat,rolled oats,,Grains & Cereals,
rice,rices,,Grains & Cereals,
Rice Krispie Cereal,Rice Krispie Cereal,,Grains & Cereals,Rice Krispie
quinoa,quinoas,,Grains & Cereals,
basmati rice,basmati rices,,Grains & Cereals,
brown rice,brown rices,,Grains & Cereals,
quick-cooking oat,quick-cooking oats,,Grains & Cereals,
breakfast cereal,breakfast cereals,,Grains & Cereals,
risotto rice,risotto rices,,Grains & Cereals,
couscous,couscous,,Grains & Cereals,
rice cereal,rice cereals,,Grains & Cereals,
wild rice,wild rices,,Grains & Cereals,
semolina,semolinas,,Grains & Cereals,
jasmine rice,jasmine rices,,Grains & Cereals,
polenta,polentas,,Grains & Cereals,
granola cereal,granola cereals,,Grains & Cereals,
bulgur,bulgurs,,Grains & Cereals,
pearl barley,pearl barleys,,Grains & Cereals,
farro,farroes,,Grains & Cereals,
barley,barleys,,Grains & Cereals,
wheat germ,wheat germs,,Grains & Cereals,
grit,grits,,Grains & Cereals,
steel cut oat,steel cut oats,,Grains & Cereals,
millet,millets,,Grains & Cereals,
oat bran,oat brans,,Grains & Cereals,
sushi rice,sushi rices,,Grains & Cereals,
glutinous rice,glutinous rices,,Grains & Cereals,
instant rice,instant rices,,Grains & Cereals,
hominy,hominies,,Grains & Cereals,
red quinoa,red quinoas,,Grains & Cereals,
raw buckwheat,raw buckwheats,,Grains & Cereals,
wheat bran,wheat brans,,Grains & Cereals,
instant oat,instant oats,,Grains & Cereals,
wheat berry,wheat berries,,Grains & Cereals,
poha,pohas,,Grains & Cereals,
black rice,black rices,,Grains & Cereals,
yellow rice,yellow rices,,Grains & Cereals,
fine semolina,fine semolinas,,Grains & Cereals,
muesli,mueslis,,Grains & Cereals,
amaranth,amaranths,,Grains & Cereals,
kasha,kashas,,Grains & Cereals,
quinoa flake,quinoa flakes,,Grains & Cereals,
puffed rice,puffed rices,,Grains & Cereals,
pearled farro,pearled farroes,,Grains & Cereals,
cracked wheat,cracked wheats,,Grains & Cereals,
freekeh,freekehs,,Grains & Cereals,
paella rice,paella rices,,Grains & Cereals,
sorghum,sorghums,,Grains & Cereals,
red rice,red rices,,Grains & Cereals,
mexican rice,mexican rices,,Grains & Cereals,
idli rice,idli rices,,Grains & Cereals,
brown jasmine rice,brown jasmine rices,,Grains & Cereals,
cream of wheat,cream of wheat,,Grains & Cereals,
rice pilaf,rice pilafs,,Grains & Cereals,
barnyard millet,barnyard millets,,Grains & Cereals,
weetabix,weetabixes,,Grains & Cereals,
jambalaya rice mix,jambalaya rice mixes,,Grains & Cereals,
black glutinous rice,black glutinous rices,,Grains & Cereals,
whole-grain oat,whole-grain oats,,Grains & Cereals,
puffed quinoa,puffed quinoas,,Grains & Cereals,
cilantro lime rice,cilantro lime rices,,Grains & Cereals,
dirty rice mix,dirty rice mixes,,Grains & Cereals,
puffed wheat,puffed wheats,,Grains & Cereals,
hulled barley,hulled barleys,,Grains & Cereals,
brown long grain rice,brown long grain rices,,Grains & Cereals,
finger millet,finger millets,,Grains & Cereals,
foxtail millet,foxtail millets,,Grains & Cereals,
matta rice,matta rices,,Grains & Cereals,
rye berry,rye berries,,Grains & Cereals,
spelt flake,spelt flakes,,Grains & Cereals,
kodo millet,kodo millets,,Grains & Cereals,
oat groat,oat groats,,Grains & Cereals,
teff,teffs,,Grains & Cereals,
rye flake,rye flakes,,Grains & Cereals,
little millet,little millets,,Grains & Cereals,
gluten-free breakfast cereal,gluten-free breakfast cereals,,Grains & Cereals,
puffed amaranth,puffed amaranths,,Grains & Cereals,
coconut rice,coconut rices,,Grains & Cereals,
amaranth flake,amaranth flakes,,Grains & Cereals,
puffed kamut,puffed kamuts,,Grains & Cereals,
bamboo rice,bamboo rices,,Grains & Cereals,
pearled sorghum,pearled sorghums,,Grains & Cereals,
shirataki rice,shirataki rices,,Grains & Cereals,
vegetable fried rice,vegetable fried rices,,Grains & Cereals,
grünkern,grünkerns,,Grains & Cereals,
jeera rice,jeera rices,,Grains & Cereals,
fonio,fonios,,Grains & Cereals,
kamut flake,kamut flakes,,Grains & Cereals,
texmati rice,texmati rices,,Grains & Cereals,
cream of rice,cream of rice,,Grains & Cereals,
kañiwa,kañiwas,,Grains & Cereals,
proso millet,proso millets,,Grains & Cereals,
pea,peas,,Legumes,
green bean,green beans,,Legumes,
chickpea,chickpeas,,Legumes,
black bean,black beans,,Legumes,
kidney bean,kidney beans,,Legumes,
white bean,white beans,,Legumes,
lentil,lentils,,Legumes,
pinto bean,pinto beans,,Legumes,
snow pea,snow peas,,Legumes,
snap pea,snap peas,,Legumes,
red lentil,red lentils,,Legumes,
cannellini bean,cannellini beans,,Legumes,
bean sprout,bean sprouts,,Legumes,
edamame,edamames,,Legumes,
green lentil,green lentils,,Legumes,
urad dal,urad dals,,Legumes,
lima bean,lima beans,,Legumes,
chana dal,chana dals,,Legumes,
fava bean,fava beans,,Legumes,
black-eyed pea,black-eyed peas,,Legumes,
moong dal,moong dals,,Legumes,
split pea,split peas,,Legumes,
pigeon pea,pigeon peas,,Legumes,
red bean,red beans,,Legumes,
mung bean sprout,mung bean sprouts,,Legumes,
soybean,soybeans,,Legumes,
mung bean,mung beans,,Legumes,
string bean,string beans,,Legumes,
yellow split pea,yellow split peas,,Legumes,
black lentil,black lentils,,Legumes,
borlotti bean,borlotti beans,,Legumes,
aquafaba,aquafabas,,Legumes,
chana,chanas,,Legumes,
snake bean,snake beans,,Legumes,
yellow lentil,yellow lentils,,Legumes,
mixed bean,mixed beans,,Legumes,
kala chana,kala chanas,,Legumes,
fermented black bean,fermented black beans,,Legumes,
black gram,black grams,,Legumes,
wax bean,wax beans,,Legumes,
dried pea,dried peas,,Legumes,
pink bean,pink beans,,Legumes,
lentil sprout,lentil sprouts,,Legumes,
white pea,white peas,,Legumes,
black soybean,black soybeans,,Legumes,
field pea,field peas,,Legumes,
gigante,gigantes,,Legumes,
flageolet,flageolets,,Legumes,
horse gram,horse grams,,Legumes,
soy sprout,soy sprouts,,Legumes,
honey bean,honey beans,,Legumes,
cluster bean,cluster beans,,Legumes,
brown bean,brown beans,,Legumes,
mayocoba bean,mayocoba beans,,Legumes,
winged bean,winged beans,,Legumes,
castelluccio lentil,castelluccio lentils,,Legumes,
golden wax bean,golden wax beans,,Legumes,
moth bean,moth beans,,Legumes,
chickpea sprout,chickpea sprouts,,Legumes,
hara chana,hara chanas,,Legumes,
lupini bean,lupini beans,,Legumes,
natto,nattoes,,Legumes,
hyacinth bean,hyacinth beans,,Legumes,
petai,petais,,Legumes,
scarlet runner bean,scarlet runner beans,,Legumes,
soy flake,soy flakes,,Legumes,
short-cut pasta,short-cut pastas,,Pasta,
spaghetti,spaghettis,,Pasta,
macaroni,macaronis,,Pasta,
egg noodle,egg noodles,,Pasta,
spiral pasta,spiral pastas,,Pasta,
lasagna noodle,lasagna noodles,,Pasta,lasagnas
linguine,linguines,,Pasta,
fettuccine,fettuccines,,Pasta,
orzo,orzoes,,Pasta,
pasta shell,pasta shells,,Pasta,
bow-tie pasta,bow-tie pastas,,Pasta,
noodle,noodles,,Pasta,
tortellini,tortellinis,,Pasta,
cheese tortellini,cheese tortellinis,,Pasta,
rice noodle,rice noodles,,Pasta,
rigatoni,rigatonis,,Pasta,
gnocchi,gnocchis,,Pasta,
angel hair pasta,angel hair pastas,,Pasta,
ramen noodle,ramen noodles,,Pasta,
vermicelli,vermicellis,,Pasta,
tagliatelle,tagliatelles,,Pasta,
soba noodle,soba noodles,,Pasta,
ravioli,raviolis,,Pasta,
ziti,zitis,,Pasta,
orecchiette,orecchiettes,,Pasta,
israeli couscous,israeli couscous,,Pasta,
zoodle,zoodles,,Pasta,
udon noodle,udon noodles,,Pasta,
ditalini,ditalinis,,Pasta,
rice vermicelli,rice vermicellis,,Pasta,
pappardelle,pappardelles,,Pasta,
glass noodle,glass noodles,,Pasta,
gluten-free pasta,gluten-free pastas,,Pasta,
mac 'n cheese,mac 'n cheese,,Pasta,
penne rigate,penne rigates,,Pasta,
manicotti,manicottis,,Pasta,
bucatini,bucatinis,,Pasta,
cannelloni,cannellonis,,Pasta,
thai rice noodle,thai rice noodles,,Pasta,
brown rice pasta,brown rice pastas,,Pasta,
rotelle,rotelles,,Pasta,
shirataki noodle,shirataki noodles,,Pasta,
chicken raman,chicken ramen,,Pasta,
pierogi,pierogis,,Pasta,
soup pasta,soup pastas,,Pasta,
sweet potato noodle,sweet potato noodles,,Pasta,
acini di pepe,acini di pepes,,Pasta,
cavatelli,cavatellis,,Pasta,
instant noodle,instant noodles,,Pasta,
somen noodle,somen noodles,,Pasta,
yakisoba noodle,yakisoba noodles,,Pasta,
beef ravioli,beef raviolis,,Pasta,
hakka noodle,hakka noodles,,Pasta,
kelp noodle,kelp noodles,,Pasta,
fideo pasta,fideo pastas,,Pasta,
spaetzle,spaetzles,,Pasta,
radiatore,radiatores,,Pasta,
paccheri,paccheris,,Pasta,
kluski noodle,kluski noodles,,Pasta,
yolk-free noodle,yolk-free noodles,,Pasta,
black bean pasta,black bean pastas,,Pasta,
matzo farfel,matzo farfels,,Pasta,
spinach fettuccine,spinach fettuccines,,Pasta,
rice-a-roni,rice-a-ronis,,Pasta,
frozen dumpling,frozen dumplings,,Pasta,
fregola,fregolas,,Pasta,
beef tortellini,beef tortellinis,,Pasta,
banh pho,banh phoes,,Pasta,
butternut squash noodle,butternut squash noodles,,Pasta,
mie noodle,mie noodles,,Pasta,
trahana,trahanas,,Pasta,
busiate,busiates,,Pasta,
lobster ravioli,lobster raviolis,,Pasta,
mafalde,mafaldes,,Pasta,
misua,misuas,,Pasta,
palmini,palminis,,Pasta,
trottole,trottoles,,Pasta,
mandu,mandu,,Pasta,
pasta salad mix,pasta salad mix,,Pasta,
pot pie noodle,pot pie noodles,,Pasta,
casarecce,casarecces,,Pasta,
quinoa pasta,quinoa pastas,,Pasta,
bean pasta,bean pastas,,Pasta,
bean sheet,bean sheets,,Pasta,
hilopite,hilopites,,Pasta,
jjolmyeon,jjolmyeons,,Pasta,
naengmyeon noodle,naengmyeon noodles,,Pasta,
yuba noodle,yuba noodles,,Pasta,
bread,breads,,Bread & Salty Snackssta,
bread crumb,bread crumbs,,Bread & Salty Snacks,
panko,pankoes,,Bread & Salty Snacks,
flour tortilla,flour tortillas,,Bread & Salty Snacks,
almond flour tortilla,almond flour tortillas,,Bread & Salty Snacks,
corn tortilla,corn tortillas,,Bread & Salty Snacks,
cracker,crackers,,Bread & Salty Snacks,
baguette,baguettes,,Bread & Salty Snacks,
tortilla chip,tortilla chips,,Bread & Salty Snacks,
pita,pitas,,Bread & Salty Snacks,
pretzel,pretzels,,Bread & Salty Snacks,
sourdough bread,sourdough breads,,Bread & Salty Snacks,
rustic italian bread,rustic italian breads,,Bread & Salty Snacks,
popcorn,popcorns,,Bread & Salty Snacks,
crouton,croutons,,Bread & Salty Snacks,
whole-wheat tortilla,whole-wheat tortillas,,Bread & Salty Snacks,
english muffin,english muffins,,Bread & Salty Snacks,
brioche,brioches,,Bread & Salty Snacks,
italian bread crumb,italian bread crumbs,,Bread & Salty Snacks,
rye bread,rye breads,,Bread & Salty Snacks,
flatbread,flatbreads,,Bread & Salty Snacks,
dry-roasted peanut,dry-roasted peanuts,,Bread & Salty Snacks,
potato chip,potato chips,,Bread & Salty Snacks,
naan,naans,,Bread & Salty Snacks,
stuffing mix,stuffing mixes,,Bread & Salty Snacks,
cornbread,cornbreads,,Bread & Salty Snacks,
taco shell,taco shells,,Bread & Salty Snacks,
tater tot,tater tots,,Bread & Salty Snacks,
bagel,bagels,,Bread & Salty Snacks,
corn chip,corn chips,,Bread & Salty Snacks,
unpopped popcorn,unpopped popcorns,,Bread & Salty Snacks,
croissant,croissants,,Bread & Salty Snacks,
pork rind,pork rinds,,Bread & Salty Snacks,
pumpernickel,pumpernickels,,Bread & Salty Snacks,
sweet bread,sweet breads,,Bread & Salty Snacks,
hawaiian roll,hawaiian rolls,,Bread & Salty Snacks,
pita chip,pita chips,,Bread & Salty Snacks,
gluten free bread,gluten free breads,,Bread & Salty Snacks,
potato bread,potato breads,,Bread & Salty Snacks,
muffin,muffins,,Bread & Salty Snacks,
breadstick,breadsticks,,Bread & Salty Snacks,
focaccia,focaccias,,Bread & Salty Snacks,
gluten-free bread crumb,gluten-free bread crumbs,,Bread & Salty Snacks,
tostada shell,tostada shells,,Bread & Salty Snacks,
crispy fried onion,crispy fried onions,,Bread & Salty Snacks,
matzo,matzoes,,Bread & Salty Snacks,
garlic bread,garlic breads,,Bread & Salty Snacks,
yeast extract spread,yeast extract spreads,,Bread & Salty Snacks,
challah,challahs,,Bread & Salty Snacks,
roasted gram,roasted grams,,Bread & Salty Snacks,
crostini,crostinis,,Bread & Salty Snacks,
rice cake,rice cakes,,Bread & Salty Snacks,
panettone,panettones,,Bread & Salty Snacks,
sweet potato fry,sweet potato fries,,Bread & Salty Snacks,
sev,sevs,,Bread & Salty Snacks,
vegetable chip,vegetable chips,,Bread & Salty Snacks,
papad,papads,,Bread & Salty Snacks,
spinach wrap,spinach wraps,,Bread & Salty Snacks,
plantain chip,plantain chips,,Bread & Salty Snacks,
roasted chickpea,roasted chickpeas,,Bread & Salty Snacks,
cheeto,cheetos,,Bread & Salty Snacks,
chapati,chapatis,,Bread & Salty Snacks,
crumpet,crumpets,,Bread & Salty Snacks,
seed bread,seed breads,,Bread & Salty Snacks,
keto bread,keto breads,,Bread & Salty Snacks,
bread bowl,bread bowls,,Bread & Salty Snacks,
sprouted grain bread,sprouted grain breads,,Bread & Salty Snacks,
cornbread stuffing mix,cornbread stuffing mixes,,Bread & Salty Snacks,
low-carb wrap,low-carb wraps,,Bread & Salty Snacks,
frozen onion ring,frozen onion rings,,Bread & Salty Snacks,
corn muffin,corn muffins,,Bread & Salty Snacks,
pav bun,pav buns,,Bread & Salty Snacks,
corn nut,corn nuts,,Bread & Salty Snacks,
rice cracker,rice crackers,,Bread & Salty Snacks,
rusk,rusks,,Bread & Salty Snacks,
fruit bread,fruit breads,,Bread & Salty Snacks,
sprouted bread,sprouted breads,,Bread & Salty Snacks,
pretzel bun,pretzel buns,,Bread & Salty Snacks,
roti bread,roti breads,,Bread & Salty Snacks,
crispbread,crispbreads,,Bread & Salty Snacks,
chocolate muffin,chocolate muffins,,Bread & Salty Snacks,
milk bread,milk breads,,Bread & Salty Snacks,
popcorn shrimp,popcorn shrimps,,Bread & Salty Snacks,
prawn cracker,prawn crackers,,Bread & Salty Snacks,
bao bun,bao buns,,Bread & Salty Snacks,
ezekiel bread,ezekiel breads,,Bread & Salty Snacks,
wasabi pea,wasabi peas,,Bread & Salty Snacks,
arabic bread,arabic breads,,Bread & Salty Snacks,
boboli,bobolis,,Bread & Salty Snacks,
zwieback,zwiebacks,,Bread & Salty Snacks,
oven chip,oven chips,,Bread & Salty Snacks,
taco kit,taco kits,,Bread & Salty Snacks,
gluten free pita,gluten free pitas,,Bread & Salty Snacks,
ready-made arepa,ready-made arepas,,Bread & Salty Snacks,
ready-made pancake,ready-made pancakes,,Bread & Salty Snacks,
breading mix,breading mixes,,Bread & Salty Snacks,
japanese peanut,japanese peanuts,,Bread & Salty Snacks,
khari boondi,khari boondis,,Bread & Salty Snacks,
potato waffle,potato waffles,,Bread & Salty Snacks,
tartlet shell,tartlet shells,,Bread & Salty Snacks,
olive oil,olive oil,,Oils & Fats,
vegetable oil,vegetable oil,,Oils & Fats,
extra virgin olive oil,extra virgin olive oil,,Oils & Fats,
canola oil,canola oil,,Oils & Fats,
coconut oil,coconut oil,,Oils & Fats,
cooking spray,cooking sprays,,Oils & Fats,
sesame oil,sesame oil,,Oils & Fats,
frying oil,frying oil,,Oils & Fats,
sunflower oil,sunflower oil,,Oils & Fats,
avocado oil,avocado oil,,Oils & Fats,
toasted sesame oil,toasted sesame oil,,Oils & Fats,
peanut oil,peanut oil,,Oils & Fats,
grapeseed oil,grapeseed oil,,Oils & Fats,grape seed oil
lard,lards,,Oils & Fats,
corn oil,corn oil,,Oils & Fats,
virgin coconut oil,virgin coconut oil,,Oils & Fats,
chili oil,chili oil,,Oils & Fats,
mustard oil,mustard oil,,Oils & Fats,
walnut oil,walnut oil,,Oils & Fats,
garlic oil,garlic oil,,Oils & Fats,
truffle oil,truffle oil,,Oils & Fats,
bacon grease,bacon greases,,Oils & Fats,
safflower oil,safflower oil,,Oils & Fats,
cacao butter,cacao butter,,Oils & Fats,
salad oil,salad oil,,Oils & Fats,
duck fat,duck fats,,Oils & Fats,
rice bran oil,rice bran oil,,Oils & Fats,
soybean oil,soybean oil,,Oils & Fats,
butter-flavored cooking spray,butter-flavored cooking sprays,,Oils & Fats,
medium-chain triglyceride,medium-chain triglycerides,,Oils & Fats,
flaxseed oil,flaxseed oil,,Oils & Fats,
white truffle oil,white truffle oil,,Oils & Fats,
pumpkin seed oil,pumpkin seed oil,,Oils & Fats,
hazelnut oil,hazelnut oil,,Oils & Fats,
coconut oil spray,coconut oil sprays,,Oils & Fats,
almond oil,almond oil,,Oils & Fats,
lemon oil,lemon oil,,Oils & Fats,
macadamia oil,macadamia oil,,Oils & Fats,
goose fat,goose fats,,Oils & Fats,
palm oil,palm oil,,Oils & Fats,
basil oil,basil oil,,Oils & Fats,
pork fat,pork fats,,Oils & Fats,
beef dripping,beef drippings,,Oils & Fats,
schmaltz,schmaltzzes,,Oils & Fats,
tallow,tallows,,Oils & Fats,
pistachio oil,pistachio oil,,Oils & Fats,
herb-infused olive oil,herb-infused olive oil,,Oils & Fats,
roasted peanut oil,roasted peanut oil,,Oils & Fats,
argan oil,argan oil,,Oils & Fats,
beef fat,beef fats,,Oils & Fats,
pecan oil,pecan oil,,Oils & Fats,
crisco oil,crisco oil,,Oils & Fats,
red palm oil,red palm oil,,Oils & Fats,
shea butter,shea butter,,Oils & Fats,
lamb fat,lamb fats,,Oils & Fats,
castor oil,castor oil,,Oils & Fats,
chicken dripping,chicken drippings,,Oils & Fats,
shallot oil,shallot oil,,Oils & Fats,
achiote oil,achiote oil,,Oils & Fats,
jojoba oil,jojoba oil,,Oils & Fats,
oregano oil,oregano oil,,Oils & Fats,
hemp seed oil,hemp seed oil,,Oils & Fats,
wheat germ oil,wheat germ oil,,Oils & Fats,
ginger oil,ginger oil,,Oils & Fats,
cottonseed oil,cottonseed oil,,Oils & Fats,
pork dripping,pork drippings,,Oils & Fats,
rosehip seed oil,rosehip seed oil,,Oils & Fats,
camelina oil,camelina oil,,Oils & Fats,
marula oil,marula oil,,Oils & Fats,
moringa seed oil,moringa seed oil,,Oils & Fats,
white cacao butter,white cacao butter,,Oils & Fats,
black seed oil,black seed oil,,Oils & Fats,
mayonnaise,mayonnaise,,Dressings & Vinegars,
apple cider vinegar,apple cider vinegar,,Dressings & Vinegars,
balsamic vinegar,balsamic vinegar,,Dressings & Vinegars,
vinegar,vinegar,,Dressings & Vinegars,
red wine vinegar,red wine vinegar,,Dressings & Vinegars,
rice wine vinegar,rice wine vinegar,,Dressings & Vinegars,
white wine vinegar,white wine vinegar,,Dressings & Vinegars,
ranch dressing,ranch dressing,,Dressings & Vinegars,
italian dressing,italian dressing,,Dressings & Vinegars,
sherry vinegar,sherry vinegar,,Dressings & Vinegars,
distilled white vinegar,distilled white vinegar,,Dressings & Vinegars,
sweet chilli sauce,sweet chilli sauce,,Dressings & Vinegars,
white balsamic vinegar,white balsamic vinegar,,Dressings & Vinegars,
champagne vinegar,champagne vinegar,,Dressings & Vinegars,
vinaigrette dressing,vinaigrette dressing,,Dressings & Vinegars,
balsamic vinaigrette,balsamic vinaigrettes,,Dressings & Vinegars,
blue cheese dressing,blue cheese dressing,,Dressings & Vinegars,
caesar dressing,caesar dressing,,Dressings & Vinegars,
thousand island,thousand islands,,Dressings & Vinegars,
malt vinegar,malt vinegar,,Dressings & Vinegars,
black vinegar,black vinegar,,Dressings & Vinegars,
canola mayonnaise,canola mayonnaise,,Dressings & Vinegars,
raspberry vinegar,raspberry vinegar,,Dressings & Vinegars,
japanese mayonnaise,japanese mayonnaise,,Dressings & Vinegars,
tarragon vinegar,tarragon vinegar,,Dressings & Vinegars,
greek vinaigrette,greek vinaigrettes,,Dressings & Vinegars,
sesame dressing,sesame dressing,,Dressings & Vinegars,
honey mustard dressing,honey mustard dressing,,Dressings & Vinegars,
aioli sauce,aioli sauce,,Dressings & Vinegars,
french dressing,french dressing,,Dressings & Vinegars,
spicy mayo,spicy mayoes,,Dressings & Vinegars,
poppyseed dressing,poppyseed dressing,,Dressings & Vinegars,
catalina dressing,catalina dressing,,Dressings & Vinegars,
verjuice,verjuice,,Dressings & Vinegars,
cane vinegar,cane vinegar,,Dressings & Vinegars,
raspberry vinaigrette,raspberry vinaigrettes,,Dressings & Vinegars,
red wine vinaigrette,red wine vinaigrettes,,Dressings & Vinegars,
russian dressing,russian dressing,,Dressings & Vinegars,
avocado oil mayonnaise,avocado oil mayonnaise,,Dressings & Vinegars,
creamy balsamic dressing,creamy balsamic dressing,,Dressings & Vinegars,
champagne vinaigrette,champagne vinaigrettes,,Dressings & Vinegars,
sun-dried tomato vinaigrette,sun-dried tomato vinaigrettes,,Dressings & Vinegars,
garlic mayonnaise,garlic mayonnaise,,Dressings & Vinegars,
brown rice vinegar,brown rice vinegar,,Dressings & Vinegars,
coconut vinegar,coconut vinegar,,Dressings & Vinegars,
ume plum vinegar,ume plum vinegar,,Dressings & Vinegars,
buttermilk ranch dressing,buttermilk ranch dressing,,Dressings & Vinegars,
cilantro dressing,cilantro dressing,,Dressings & Vinegars,
spicy ranch dressing,spicy ranch dressing,,Dressings & Vinegars,
fig balsamic,fig balsamics,,Dressings & Vinegars,
green goddess dressing,green goddess dressing,,Dressings & Vinegars,
creamy dressing,creamy dressing,,Dressings & Vinegars,
onion salad dressing,onion salad dressing,,Dressings & Vinegars,
miso dressing,miso dressing,,Dressings & Vinegars,
white balsamic vinaigrette,white balsamic vinaigrettes,,Dressings & Vinegars,
chardonnay vinegar,chardonnay vinegar,,Dressings & Vinegars,
prepared coleslaw dressing,prepared coleslaw dressing,,Dressings & Vinegars,
honey vinegar,honey vinegar,,Dressings & Vinegars,
tandoori mayonnaise,tandoori mayonnaise,,Dressings & Vinegars,
chili vinegar,chili vinegar,,Dressings & Vinegars,
chili-lime dressing,chili-lime dressing,,Dressings & Vinegars,
moscatel vinegar,moscatel vinegar,,Dressings & Vinegars,
vinegar powder,vinegar powder,,Dressings & Vinegars,
caramelised onion dressing,caramelised onion dressing,,Dressings & Vinegars,
mango vinaigrette,mango vinaigrettes,,Dressings & Vinegars,
sugarcane vinegar,sugarcane vinegar,,Dressings & Vinegars,
avocado-lime dressing,avocado-lime dressing,,Dressings & Vinegars,
spicy vinegar,spicy vinegar,,Dressings & Vinegars,
sushi vinegar,sushi vinegar,,Dressings & Vinegars,
soy sauce,soy sauce,,Condiments,
dijon mustard,dijon mustard,,Condiments,
worcestershire,worcestershires,,Condiments,
hot sauce,hot sauce,,Condiments,
worcestershire sauce,worcestershire sauce,,Condiments,
ketchup,ketchup,,Condiments,
mustard,mustard,,Condiments,
fish sauce,fish sauce,,Condiments,
bbq sauce,bbq sauce,,Condiments,
sriracha,srirachas,,Condiments,
wholegrain mustard,wholegrain mustard,,Condiments,
tamari,tamaris,,Condiments,
oyster sauce,oyster sauce,,Condiments,
chili sauce,chili sauce,,Condiments,
ginger-garlic paste,ginger-garlic paste,,Condiments,
brown mustard,brown mustard,,Condiments,
wing sauce,wing sauce,,Condiments,
teriyaki sauce,teriyaki sauce,,Condiments,
prepared horseradish,prepared horseradishes,,Condiments,
ginger paste,ginger paste,,Condiments,
dark soy sauce,dark soy sauce,,Condiments,
coconut amino,coconut aminos,,Condiments,
chili paste,chili paste,,Condiments,
cranberry sauce,cranberry sauce,,Condiments,
harissa,harissas,,Condiments,
chili-garlic sauce,chili-garlic sauce,,Condiments,
tamarind paste,tamarind paste,,Condiments,
pomegranate molass,pomegranate molasses,,Condiments,
gochujang,gochujangs,,Condiments,
wasabi,wasabis,,Condiments,
honey mustard,honey mustard,,Condiments,
mango chutney,mango chutneys,,Condiments,
english mustard,english mustard,,Condiments,
sambal oelek,sambal oeleks,,Condiments,
preserved lemon,preserved lemons,,Condiments,
kecap mani,kecap manis,,Condiments,
chutney,chutneys,,Condiments,
shrimp paste,shrimp paste,,Condiments,
picante sauce,picante sauce,,Condiments,
thai sweet chili sauce,thai sweet chili sauce,,Condiments,
sweet and sour sauce,sweet and sour sauce,,Condiments,
liquid amino,liquid aminos,,Condiments,
tartar sauce,tartar sauce,,Condiments,
hot pepper jelly,hot pepper jellies,,Condiments,
chili-garlic paste,chili-garlic paste,,Condiments,
bonito flake,bonito flakes,,Condiments,
green chutney,green chutneys,,Condiments,
mexican hot sauce,mexican hot sauce,,Condiments,
ponzu,ponzu,,Condiments,
green chilli sauce,green chilli sauce,,Condiments,
sambal,sambals,,Condiments,
crispy onion,crispy onions,,Condiments,
red pepper jelly,red pepper jellies,,Condiments,
thai chili paste,thai chili paste,,Condiments,
peri peri,peri peris,,Condiments,
green chilli paste,green chilli paste,,Condiments,
mint jelly,mint jellies,,Condiments,
horseradish mustard,horseradish mustard,,Condiments,
mustard paste,mustard paste,,Condiments,
aji amarillo,aji amarilloes,,Condiments,
pepper paste,pepper paste,,Condiments,
yuzu juice,yuzu juice,,Condiments,
tonkatsu sauce,tonkatsu sauce,,Condiments,
chermoula,chermoulas,,Condiments,
tamarind chutney,tamarind chutneys,,Condiments,
hp sauce,hp sauce,,Condiments,
duck sauce,duck sauce,,Condiments,
ginger chili paste,ginger chili paste,,Condiments,
onion marmalade,onion marmalades,,Condiments,
giardiniera,giardinieras,,Condiments,
black soy sauce,black soy sauce,,Condiments,
doubanjiang,doubanjiangs,,Condiments,
korean bbq sauce,korean bbq sauce,,Condiments,
maggi sauce,maggi sauce,,Condiments,
chinese mustard,chinese mustard,,Condiments,
chamoy,chamoys,,Condiments,
lime pickle,lime pickles,,Condiments,
doenjang,doenjangs,,Condiments,
chili crisp,chili crisps,,Condiments,
karashi,karashis,,Condiments,
mushroom soy sauce,mushroom soy sauce,,Condiments,
yuzu kosho,yuzu koshoes,,Condiments,
german mustard,german mustard,,Condiments,
taucheo,taucheos,,Condiments,
eel sauce,eel sauce,,Condiments,
hot bean paste,hot bean paste,,Condiments,
pati,patis,,Condiments,
remoulade,remoulades,,Condiments,
white bbq sauce,white bbq sauce,,Condiments,
pickapeppa sauce,pickapeppa sauce,,Condiments,
salsa lizano,salsa lizanoes,,Condiments,
shrimp sauce,shrimp sauce,,Condiments,
sweet soybean paste,sweet soybean paste,,Condiments,
grape must,grape musts,,Condiments,
shrimp powder,shrimp powder,,Condiments,
banana ketchup,banana ketchup,,Condiments,
chili purée,chili purée,,Condiments,
green harissa,green harissas,,Condiments,
crab paste,crab paste,,Condiments,
beer mustard,beer mustard,,Condiments,
guk ganjang,guk ganjangs,,Condiments,
canned tomato,canned tomatoes,,Canned Food,
caper,capers,,Canned Food,
green olive,green olives,,Canned Food,
canned chickpea,canned chickpeas,,Canned Food,
black olive,black olives,,Canned Food,
canned black bean,canned black beans,,Canned Food,
canned pumpkin,canned pumpkins,,Canned Food,
kalamata olive,kalamata olives,,Canned Food,
canned tuna,canned tuna,,Canned Food,
pickle,pickles,,Canned Food,
canned pineapple,canned pineapples,,Canned Food,
chipotle in adobo,chipotle in adobo,,Canned Food,
canned anchovy,canned anchovies,,Canned Food,
roasted red pepper,roasted red peppers,,Canned Food,
tomato with green chiles,tomatoes with green chiles,,Canned Food,
canned artichoke,canned artichokes,,Canned Food,
canned corn,canned corns,,Canned Food,
canned kidney bean,canned kidney beans,,Canned Food,
canned pie filling,canned pie fillings,,Canned Food,
canned cannellini bean,canned cannellini beans,,Canned Food,
refried bean,refried beans,,Canned Food,
canned whole tomato,canned whole tomatoes,,Canned Food,
sweet pickle relish,sweet pickle relishes,,Canned Food,
sauerkraut,sauerkrauts,,Canned Food,
creamed corn,creamed corns,,Canned Food,
corned beef,corned beefs,,Canned Food,
canned bean,canned beans,,Canned Food,
pickled jalapeño,pickled jalapeños,,Canned Food,
diced green chile,diced green chiles,,Canned Food,
sun-dried tomato in oil,sun-dried tomatoes in oil,,Canned Food,
kimchi,kimchis,,Canned Food,
canned mandarin orange,canned mandarin oranges,,Canned Food,
chili bean,chili beans,,Canned Food,
canned crab,canned crabs,,Canned Food,
bamboo shoot,bamboo shoots,,Canned Food,
canned mushroom,canned mushrooms,,Canned Food,
baked bean,baked beans,,Canned Food,
canned salmon,canned salmon,,Canned Food,
pickling juice,pickling juice,,Canned Food,
dill pickle relish,dill pickle relishes,,Canned Food,
canned peach,canned peaches,,Canned Food,
canned black-eyed pea,canned black-eyed peas,,Canned Food,
pickled ginger,pickled gingers,,Canned Food,
canned apple,canned apples,,Canned Food,
canned green bean,canned green beans,,Canned Food,
spam,spams,,Canned Food,
canned clam,canned clams,,Canned Food,
chili with beans,chili with beans,,Canned Food,
pickled onion,pickled onions,,Canned Food,
fruit cocktail,fruit cocktails,,Canned Food,
canned lentil,canned lentils,,Canned Food,
canned pea,canned peas,,Canned Food,
pickled red onion,pickled red onions,,Canned Food,
pimiento-stuffed green olive,pimiento-stuffed green olives,,Canned Food,
canned pork,canned porks,,Canned Food,
pickled beet,pickled beets,,Canned Food,
canned cherry tomato,canned cherry tomatoes,,Canned Food,
bread & butter pickle,bread & butter pickles,,Canned Food,
canned apricot,canned apricots,,Canned Food,
canned sweet potato,canned sweet potatoes,,Canned Food,
canned pear,canned pears,,Canned Food,
peppadew pepper,peppadew peppers,,Canned Food,
pickled vegetable,pickled vegetables,,Canned Food,
onion paste,onion paste,,Canned Food,
canned baby corn,canned baby corns,,Canned Food,
mexican-style corn,mexican-style corns,,Canned Food,
chili without bean,chili without beans,,Canned Food,
pork and bean,pork and beans,,Canned Food,
ranch-style bean,ranch-style beans,,Canned Food,
canned chicken breast,canned chicken breasts,,Canned Food,
canned carrot,canned carrots,,Canned Food,
banana pepper ring,banana pepper rings,,Canned Food,
canned lychee,canned lychees,,Canned Food,
pumpkin pie filling,pumpkin pie fillings,,Canned Food,
canned sardine,canned sardines,,Canned Food,
pickled pepper,pickled peppers,,Canned Food,
tomato relish,tomato relishes,,Canned Food,
canned jackfruit,canned jackfruits,,Canned Food,
taggiasca olive,taggiasca olives,,Canned Food,
cranberry relish,cranberry relishes,,Canned Food,
red pepper relish,red pepper relishes,,Canned Food,
canned asparagus,canned asparagus,,Canned Food,
fire-roasted green chile,fire-roasted green chiles,,Canned Food,
pickled hot pepper,pickled hot peppers,,Canned Food,
canned peas and carrot,canned peas and carrots,,Canned Food,
corn relish,corn relishes,,Canned Food,
golden hominy,golden hominies,,Canned Food,
canned mackerel,canned mackerel,,Canned Food,
pickled cherry pepper,pickled cherry peppers,,Canned Food,
candied jalapeño,candied jalapeños,,Canned Food,
umeboshi,umeboshis,,Canned Food,
canned pimento,canned pimentos,,Canned Food,
canned potato,canned potatoes,,Canned Food,
okra pickle,okra pickles,,Canned Food,
tomato confit,tomato confits,,Canned Food,
brandied cherry,brandied cherries,,Canned Food,
macapuno,macapunoes,,Canned Food,
canned four-bean mix,canned four-bean mixes,,Canned Food,
half-sour pickle,half-sour pickles,,Canned Food,
pickled green bean,pickled green beans,,Canned Food,
peanut butter,peanut butter,,"Sauces, Spreads & dip",
tomato paste,tomato paste,,"Sauces, Spreads & dip",
tomato sauce,tomato sauce,,"Sauces, Spreads & dip",
salsa,salsas,,"Sauces, Spreads & dip",
tahini,tahinis,,"Sauces, Spreads & dip",
pesto,pestoes,,"Sauces, Spreads & dip",
marinara sauce,marinara sauce,,"Sauces, Spreads & dip",marinara sauce - jarred
pasta sauce,pasta sauce,,"Sauces, Spreads & dip",
hoisin sauce,hoisin sauce,,"Sauces, Spreads & dip",
pico de gallo,pico de gallo,,"Sauces, Spreads & dip",
stewed tomato,stewed tomatoes,,"Sauces, Spreads & dip",
guacamole,guacamoles,,"Sauces, Spreads & dip",
hummus,hummus,,"Sauces, Spreads & dip",
enchilada sauce,enchilada sauce,,"Sauces, Spreads & dip",
fire-roasted tomato,fire-roasted tomatoes,,"Sauces, Spreads & dip",
salsa verde,salsa verdes,,"Sauces, Spreads & dip",
alfredo sauce,alfredo sauce,,"Sauces, Spreads & dip",
balsamic glaze,balsamic glazes,,"Sauces, Spreads & dip",
anchovy paste,anchovy paste,,"Sauces, Spreads & dip",
red enchilada sauce,red enchilada sauce,,"Sauces, Spreads & dip",
steak sauce,steak sauce,,"Sauces, Spreads & dip",
chunky peanut butter,chunky peanut butter,,"Sauces, Spreads & dip",
tzatziki,tzatzikis,,"Sauces, Spreads & dip",
taco sauce,taco sauce,,"Sauces, Spreads & dip",
beef gravy,beef gravies,,"Sauces, Spreads & dip",
sun-dried tomato pesto,sun-dried tomato pestoes,,"Sauces, Spreads & dip",
béchamel sauce,béchamel sauce,,"Sauces, Spreads & dip",
horseradish sauce,horseradish sauce,,"Sauces, Spreads & dip",
plum sauce,plum sauce,,"Sauces, Spreads & dip",
garlic butter,garlic butter,,"Sauces, Spreads & dip",
hollandaise sauce,hollandaise sauce,,"Sauces, Spreads & dip",
cocktail sauce,cocktail sauce,,"Sauces, Spreads & dip",
cheese dip,cheese dip,,"Sauces, Spreads & dip",
black bean sauce,black bean sauce,,"Sauces, Spreads & dip",
tapenade,tapenades,,"Sauces, Spreads & dip",
turkey gravy,turkey gravies,,"Sauces, Spreads & dip",
stir-fry sauce,stir-fry sauce,,"Sauces, Spreads & dip",
thai peanut sauce,thai peanut sauce,,"Sauces, Spreads & dip",
chicken gravy,chicken gravies,,"Sauces, Spreads & dip",
sloppy joe sauce,sloppy joe sauce,,"Sauces, Spreads & dip",
pimento cheese spread,pimento cheese spreads,,"Sauces, Spreads & dip",
sofrito,sofritoes,,"Sauces, Spreads & dip",
mustard sauce,mustard sauce,,"Sauces, Spreads & dip",
sun-dried tomato paste,sun-dried tomato paste,,"Sauces, Spreads & dip",
queso dip,queso dip,,"Sauces, Spreads & dip",
demi-glace,demi-glaces,,"Sauces, Spreads & dip",
chimichurri sauce,chimichurri sauce,,"Sauces, Spreads & dip",
french onion dip,french onion dip,,"Sauces, Spreads & dip",
herb butter,herb butter,,"Sauces, Spreads & dip",
bolognese sauce,bolognese sauce,,"Sauces, Spreads & dip",
curry sauce,curry sauce,,"Sauces, Spreads & dip",
liver spread,liver spreads,,"Sauces, Spreads & dip",
browning sauce,browning sauce,,"Sauces, Spreads & dip",
schezwan sauce,schezwan sauce,,"Sauces, Spreads & dip",
mushroom gravy,mushroom gravies,,"Sauces, Spreads & dip",
pork gravy,pork gravies,,"Sauces, Spreads & dip",
country gravy,country gravies,,"Sauces, Spreads & dip",
orange sauce,orange sauce,,"Sauces, Spreads & dip",
pineapple salsa,pineapple salsas,,"Sauces, Spreads & dip",
artichoke dip,artichoke dip,,"Sauces, Spreads & dip",
japanese curry,japanese curries,,"Sauces, Spreads & dip",
mango salsa,mango salsas,,"Sauces, Spreads & dip",
olive paste,olive paste,,"Sauces, Spreads & dip",
spinach dip,spinach dip,,"Sauces, Spreads & dip",
black truffle butter,black truffle butter,,"Sauces, Spreads & dip",
roasted red pepper hummus,roasted red pepper hummus,,"Sauces, Spreads & dip",
bacon jam,bacon jam,,"Sauces, Spreads & dip",
tikka masala sauce,tikka masala sauce,,"Sauces, Spreads & dip",
vodka sauce,vodka sauce,,"Sauces, Spreads & dip",
whipped cream cheese spread,whipped cream cheese spreads,,"Sauces, Spreads & dip",
kung pao sauce,kung pao sauce,,"Sauces, Spreads & dip",
mole paste,mole paste,,"Sauces, Spreads & dip",
onion gravy,onion gravies,,"Sauces, Spreads & dip",
sesame sauce,sesame sauce,,"Sauces, Spreads & dip",
cheese spread,cheese spreads,,"Sauces, Spreads & dip",
corn salsa,corn salsas,,"Sauces, Spreads & dip",
pad thai sauce,pad thai sauce,,"Sauces, Spreads & dip",
sausage gravy,sausage gravies,,"Sauces, Spreads & dip",
deviled ham spread,deviled ham spreads,,"Sauces, Spreads & dip",
butter chicken sauce,butter chicken sauce,,"Sauces, Spreads & dip",
garlic spread,garlic spreads,,"Sauces, Spreads & dip",
black pepper sauce,black pepper sauce,,"Sauces, Spreads & dip",
char siu sauce,char siu sauce,,"Sauces, Spreads & dip",
garlic pasta sauce,garlic pasta sauce,,"Sauces, Spreads & dip",
green olive tapenade,green olive tapenades,,"Sauces, Spreads & dip",
schezwan chutney,schezwan chutneys,,"Sauces, Spreads & dip",
mentsuyu,mentsuyu,,"Sauces, Spreads & dip",
thai red curry sauce,thai red curry sauce,,"Sauces, Spreads & dip",
tarama,taramas,,"Sauces, Spreads & dip",
ssamjang,ssamjangs,,"Sauces, Spreads & dip",
white pizza sauce,white pizza sauce,,"Sauces, Spreads & dip",
tomato tapenade,tomato tapenades,,"Sauces, Spreads & dip",
yum yum sauce,yum yum sauce,,"Sauces, Spreads & dip",
honey garlic sauce,honey garlic sauce,,"Sauces, Spreads & dip",
mole sauce,mole sauce,,"Sauces, Spreads & dip",
nuoc cham,nuoc chams,,"Sauces, Spreads & dip",
white clam sauce,white clam sauce,,"Sauces, Spreads & dip",
bean dip,bean dip,,"Sauces, Spreads & dip",
eggplant dip,eggplant dip,,"Sauces, Spreads & dip",
pomegranate sauce,pomegranate sauce,,"Sauces, Spreads & dip",
chicken broth,chicken broth,,"Soups, Stews & stock",
vegetable broth,vegetable broth,,"Soups, Stews & stock",
chicken stock,chicken stock,,"Soups, Stews & stock",
beef broth,beef broth,,"Soups, Stews & stock",
beef stock,beef stock,,"Soups, Stews & stock",
cream of mushroom,cream of mushroom,,"Soups, Stews & stock",
bouillon cube,bouillon cubes,,"Soups, Stews & stock",
cream of chicken,cream of chicken,,"Soups, Stews & stock",
onion soup mix,onion soup mixes,,"Soups, Stews & stock",
tomato soup,tomato soups,,"Soups, Stews & stock",
fish stock,fish stock,,"Soups, Stews & stock",
cream of celery,cream of celery,,"Soups, Stews & stock",
better than bouillon,better than bouillons,,"Soups, Stews & stock",
clam juice,clam juice,,"Soups, Stews & stock",
cheese soup,cheese soups,,"Soups, Stews & stock",
bone broth,bone broth,,"Soups, Stews & stock",
dashi,dashis,,"Soups, Stews & stock",
onion soup,onion soups,,"Soups, Stews & stock",
chicken soup,chicken soups,,"Soups, Stews & stock",
veal stock,veal stock,,"Soups, Stews & stock",
chicken bone broth,chicken bone broth,,"Soups, Stews & stock",
turkey stock,turkey stock,,"Soups, Stews & stock",
lamb stock,lamb stock,,"Soups, Stews & stock",
turkey broth,turkey broth,,"Soups, Stews & stock",
beef consommé,beef consommés,,"Soups, Stews & stock",
stock paste,stock paste,,"Soups, Stews & stock",
cream of potato,cream of potato,,"Soups, Stews & stock",
golden mushroom soup,golden mushroom soups,,"Soups, Stews & stock",
seafood stock,seafood stock,,"Soups, Stews & stock",
mushroom broth,mushroom broth,,"Soups, Stews & stock",
vegetable soup,vegetable soups,,"Soups, Stews & stock",
chicken noodle soup,chicken noodle soups,,"Soups, Stews & stock",
vegetable soup mix,vegetable soup mixes,,"Soups, Stews & stock",
chicken consommé,chicken consommés,,"Soups, Stews & stock",
shrimp stock,shrimp stock,,"Soups, Stews & stock",
nacho cheese soup,nacho cheese soups,,"Soups, Stews & stock",
ramen noodle soup,ramen noodle soups,,"Soups, Stews & stock",
cream of broccoli,cream of broccoli,,"Soups, Stews & stock",
lobster stock,lobster stock,,"Soups, Stews & stock",
pork stock,pork stock,,"Soups, Stews & stock",
chicken rice soup,chicken rice soups,,"Soups, Stews & stock",
beefy onion soup mix,beefy onion soup mixes,,"Soups, Stews & stock",
butternut squash soup,butternut squash soups,,"Soups, Stews & stock",
chicken stock paste,chicken stock paste,,"Soups, Stews & stock",
miso soup,miso soups,,"Soups, Stews & stock",
broccoli-cheese soup,broccoli-cheese soups,,"Soups, Stews & stock",
duck stock,duck stock,,"Soups, Stews & stock",
clam broth,clam broth,,"Soups, Stews & stock",
vegan chicken broth,vegan chicken broth,,"Soups, Stews & stock",
cream of asparagus,cream of asparagus,,"Soups, Stews & stock",
pork broth,pork broth,,"Soups, Stews & stock",
beefy mushroom soup,beefy mushroom soups,,"Soups, Stews & stock",
new england clam chowder,new england clam chowders,,"Soups, Stews & stock",
bean soup mix,bean soup mixes,,"Soups, Stews & stock",
black bean soup,black bean soups,,"Soups, Stews & stock",
ham stock,ham stock,,"Soups, Stews & stock",
lentil soup,lentil soups,,"Soups, Stews & stock",
cream of shrimp soup,cream of shrimp soup,,"Soups, Stews & stock",
veal broth,veal broth,,"Soups, Stews & stock",
vegetable beef soup,vegetable beef soups,,"Soups, Stews & stock",
chicken soup mix,chicken soup mixes,,"Soups, Stews & stock",
cream of bacon,cream of bacon,,"Soups, Stews & stock",
lobster bisque,lobster bisques,,"Soups, Stews & stock",
bean with bacon soup,bean with bacon soup,,"Soups, Stews & stock",
clam chowder,clam chowders,,"Soups, Stews & stock",
condensed chicken gumbo soup,condensed chicken gumbo soups,,"Soups, Stews & stock",
tortilla soup base,tortilla soup bases,,"Soups, Stews & stock",
turkey bone broth,turkey bone broth,,"Soups, Stews & stock",
anchovy stock,anchovy stock,,"Soups, Stews & stock",
cream of chicken soup mix,cream of chicken soup mix,,"Soups, Stews & stock",
noodle soup mix,noodle soup mixes,,"Soups, Stews & stock",
lamb broth,lamb broth,,"Soups, Stews & stock",
minestrone,minestrones,,"Soups, Stews & stock",
thai chicken broth,thai chicken broth,,"Soups, Stews & stock",
tomato bisque,tomato bisques,,"Soups, Stews & stock",
venison stock,venison stock,,"Soups, Stews & stock",
beef stock paste,beef stock paste,,"Soups, Stews & stock",
bovril,bovrils,,"Soups, Stews & stock",
chicken corn chowder,chicken corn chowders,,"Soups, Stews & stock",
pork & bean,pork & beans,,"Soups, Stews & stock",
sun-dried tomato bisque mix,sun-dried tomato bisque mixes,,"Soups, Stews & stock",
ham-flavored concentrate,ham-flavored concentrate,,"Soups, Stews & stock",
oxtail soup,oxtail soups,,"Soups, Stews & stock",
potato soup mix,potato soup mixes,,"Soups, Stews & stock",
callaloo,callaloos,,"Soups, Stews & stock",
split pea soup,split pea soups,,"Soups, Stews & stock",
chicken and mushroom soup,chicken and mushroom soups,,"Soups, Stews & stock",
chili beef soup,chili beef soups,,"Soups, Stews & stock",
corn chowder,corn chowders,,"Soups, Stews & stock",
cream of cauliflower,cream of cauliflower,,"Soups, Stews & stock",
dashida,dashidas,,"Soups, Stews & stock",
green pea soup,green pea soups,,"Soups, Stews & stock",
pho broth,pho broth,,"Soups, Stews & stock",
cocoa,cocoa,,Desserts & Sweet Snacks,
dark chocolate,dark chocolate,,Desserts & Sweet Snacks,
dark cocoa,dark cocoa,,Desserts & Sweet Snacks,
chocolate,chocolate,,Desserts & Sweet Snacks,
graham cracker,graham crackers,,Desserts & Sweet Snacks,
baking chocolate,baking chocolate,,Desserts & Sweet Snacks,
marshmallow,marshmallows,,Desserts & Sweet Snacks,
mini arshmallow,mini marshmallows,,Desserts & Sweet Snacks,
applesauce,applesauce,,Desserts & Sweet Snacks,
white chocolate,white chocolate,,Desserts & Sweet Snacks,
oreo,oreos,,Desserts & Sweet Snacks,
chocolate hazelnut spread,chocolate hazelnut spreads,,Desserts & Sweet Snacks,
instant pudding,instant pudding,,Desserts & Sweet Snacks,
chocolate candy,chocolate candies,,Desserts & Sweet Snacks,
chocolate cream-filled chocolate sandwich cookie,chocolate cream-filled chocolate sandwich cookies,,Desserts & Sweet Snacks,
dutch-process cocoa,dutch-process cocoa,,Desserts & Sweet Snacks,
raspberry jam,raspberry jam,,Desserts & Sweet Snacks,
apricot jam,apricot jam,,Desserts & Sweet Snacks,
caramel sauce,caramel sauce,,Desserts & Sweet Snacks,
candy coating,candy coatings,,Desserts & Sweet Snacks,
raw cacao powder,raw cacao powder,,Desserts & Sweet Snacks,
strawberry jam,strawberry jam,,Desserts & Sweet Snacks,
biscuit,biscuits,,Desserts & Sweet Snacks,
marshmallow creme,marshmallow cremes,,Desserts & Sweet Snacks,
candy,candies,,Desserts & Sweet Snacks,
jam,jam,,Desserts & Sweet Snacks,
orange marmalade,orange marmalades,,Desserts & Sweet Snacks,
wafer,wafers,,Desserts & Sweet Snacks,
cookie,cookies,,Desserts & Sweet Snacks,
peanut butter cup,peanut butter cups,,Desserts & Sweet Snacks,Reeses PB cup|Reeses Peanut Buttercup
chocolate pudding,chocolate pudding,,Desserts & Sweet Snacks,
candy cane,candy canes,,Desserts & Sweet Snacks,
ginger snap,ginger snaps,,Desserts & Sweet Snacks,
cacao nib,cacao nibs,,Desserts & Sweet Snacks,
lady finger,lady fingers,,Desserts & Sweet Snacks,
chocolate chip cookie,chocolate chip cookies,,Desserts & Sweet Snacks,
fudge sauce,fudge sauce,,Desserts & Sweet Snacks,
chocolate cookie,chocolate cookies,,Desserts & Sweet Snacks,
digestive biscuit,digestive biscuits,,Desserts & Sweet Snacks,
apple butter,apple butter,,Desserts & Sweet Snacks,
peppermint candy,peppermint candies,,Desserts & Sweet Snacks,
cinnamon roll,cinnamon rolls,,Desserts & Sweet Snacks,
butter cookie,butter cookies,,Desserts & Sweet Snacks,
candied cherry,candied cherries,,Desserts & Sweet Snacks,
caramel candy,caramel candies,,Desserts & Sweet Snacks,
vanilla pudding,vanilla pudding,,Desserts & Sweet Snacks,
currant jelly,currant jellies,,Desserts & Sweet Snacks,
candied ginger,candied gingers,,Desserts & Sweet Snacks,
angel food cake,angel food cakes,,Desserts & Sweet Snacks,
peach preserve,peach preserves,,Desserts & Sweet Snacks,
chocolate wafer,chocolate wafers,,Desserts & Sweet Snacks,
candied peel,candied peels,,Desserts & Sweet Snacks,
nutella,nutellas,,Desserts & Sweet Snacks,
cherry jam,cherry jam,,Desserts & Sweet Snacks,
dark couverture chocolate,dark couverture chocolate,,Desserts & Sweet Snacks,
couverture chocolate,couverture chocolate,,Desserts & Sweet Snacks,
grape jelly,grape jellies,,Desserts & Sweet Snacks,
waffle,waffles,,Desserts & Sweet Snacks,
tartlet shell,tartlet shells,,Desserts & Sweet Snacks,
cookie butter,cookie butter,,Desserts & Sweet Snacks,
fig jam,fig jam,,Desserts & Sweet Snacks,
butterscotch,butterscotches,,Desserts & Sweet Snacks,
blueberry jam,blueberry jam,,Desserts & Sweet Snacks,
candied fruit,candied fruits,,Desserts & Sweet Snacks,
almond cookie,almond cookies,,Desserts & Sweet Snacks,
gummy,gummies,,Desserts & Sweet Snacks,
apple jelly,apple jellies,,Desserts & Sweet Snacks,
blackberry preserve,blackberry preserves,,Desserts & Sweet Snacks,
candy corn,candy corns,,Desserts & Sweet Snacks,
ice-cream cone,ice-cream cones,,Desserts & Sweet Snacks,
sugar cookie,sugar cookies,,Desserts & Sweet Snacks,
marmalade,marmalades,,Desserts & Sweet Snacks,
egg candy,egg candies,,Desserts & Sweet Snacks,
strawberry purée,strawberry purée,,Desserts & Sweet Snacks,
chocolate powder,chocolate powder,,Desserts & Sweet Snacks,
sponge cake,sponge cakes,,Desserts & Sweet Snacks,
chocolate-covered espresso bean,chocolate-covered espresso beans,,Desserts & Sweet Snacks,
pineapple jam,pineapple jam,,Desserts & Sweet Snacks,
licorice,licorices,,Desserts & Sweet Snacks,
plum jam,plum jam,,Desserts & Sweet Snacks,
mexican chocolate,mexican chocolate,,Desserts & Sweet Snacks,
banana pudding,banana pudding,,Desserts & Sweet Snacks,
white couverture,white couvertures,,Desserts & Sweet Snacks,
sorbet,sorbets,,Desserts & Sweet Snacks,
chocolate peanut butter,chocolate peanut butter,,Desserts & Sweet Snacks,
cinnamon candy,cinnamon candies,,Desserts & Sweet Snacks,
pumpkin butter,pumpkin butter,,Desserts & Sweet Snacks,
guava paste,guava paste,,Desserts & Sweet Snacks,
fudge,fudges,,Desserts & Sweet Snacks,
strawberry sauce,strawberry sauce,,Desserts & Sweet Snacks,
butterscotch pudding mix,butterscotch pudding mixes,,Desserts & Sweet Snacks,
chocolate spread,chocolate spreads,,Desserts & Sweet Snacks,
doughnut,doughnuts,,Desserts & Sweet Snacks,
biscotti,biscottis,,Desserts & Sweet Snacks,
cheesecake instant pudding,cheesecake instant pudding,,Desserts & Sweet Snacks,
peppermint patty,peppermint patties,,Desserts & Sweet Snacks,
pistachio pudding,pistachio pudding,,Desserts & Sweet Snacks,
chocolate fudge,chocolate fudges,,Desserts & Sweet Snacks,
raspberry sauce,raspberry sauce,,Desserts & Sweet Snacks,
raspberry sorbet,raspberry sorbets,,Desserts & Sweet Snacks,
candied pineapple,candied pineapples,,Desserts & Sweet Snacks,
hershey kiss,hershey kisses,,Desserts & Sweet Snacks,
pistachio instant pudding,pistachio instant pudding,,Desserts & Sweet Snacks,
white wine,white wines,,"Wine, Beer & Spirits",
red wine,red wines,,"Wine, Beer & Spirits",
whisky,whiskies,,"Wine, Beer & Spirits",
rum,rums,,"Wine, Beer & Spirits",
vodka,vodkas,,"Wine, Beer & Spirits",
beer,beers,,"Wine, Beer & Spirits",
orange liqueur,orange liqueurs,,"Wine, Beer & Spirits",
cider,ciders,,"Wine, Beer & Spirits",
tequila,tequilas,,"Wine, Beer & Spirits",
sherry,sherries,,"Wine, Beer & Spirits",
gin,gins,,"Wine, Beer & Spirits",
brandy,brandies,,"Wine, Beer & Spirits",
bitter,bitters,,"Wine, Beer & Spirits",
mirin,mirins,,"Wine, Beer & Spirits",
white rum,white rums,,"Wine, Beer & Spirits",
coffee liqueur,coffee liqueurs,,"Wine, Beer & Spirits",
champagne,champagnes,,"Wine, Beer & Spirits",
irish cream,irish cream,,"Wine, Beer & Spirits",
vermouth,vermouths,,"Wine, Beer & Spirits",
amaretto,amarettoes,,"Wine, Beer & Spirits",
marsala wine,marsala wines,,"Wine, Beer & Spirits",
cognac,cognacs,,"Wine, Beer & Spirits",
sparkling wine,sparkling wines,,"Wine, Beer & Spirits",
sake,sakes,,"Wine, Beer & Spirits",
rice wine,rice wines,,"Wine, Beer & Spirits",
shaoxing wine,shaoxing wines,,"Wine, Beer & Spirits",
dry vermouth,dry vermouths,,"Wine, Beer & Spirits",
liqueur,liqueurs,,"Wine, Beer & Spirits",
coconut rum,coconut rums,,"Wine, Beer & Spirits",
dessert wine,dessert wines,,"Wine, Beer & Spirits",
curacao,curacaos,,"Wine, Beer & Spirits",
port wine,port wines,,"Wine, Beer & Spirits",
kirsch,kirsches,,"Wine, Beer & Spirits",
peach schnapp,peach schnapps,,"Wine, Beer & Spirits",
apple brandy,apple brandies,,"Wine, Beer & Spirits",
rosé wine,rosé wines,,"Wine, Beer & Spirits",
anise liqueur,anise liqueurs,,"Wine, Beer & Spirits",
herbal liqueur,herbal liqueurs,,"Wine, Beer & Spirits",
limoncello,limoncellos,,"Wine, Beer & Spirits",
elderflower liqueur,elderflower liqueurs,,"Wine, Beer & Spirits",
cooking wine,cooking wines,,"Wine, Beer & Spirits",
hazelnut liqueur,hazelnut liqueurs,,"Wine, Beer & Spirits",
peach liqueur,peach liqueurs,,"Wine, Beer & Spirits",
melon liqueur,melon liqueurs,,"Wine, Beer & Spirits",
raspberry liqueur,raspberry liqueurs,,"Wine, Beer & Spirits",
creme de cacao,creme de cacao,,"Wine, Beer & Spirits",
schnapp,schnapps,,"Wine, Beer & Spirits",
banana liqueur,banana liqueurs,,"Wine, Beer & Spirits",
madeira wine,madeira wines,,"Wine, Beer & Spirits",
absinthe,absinthes,,"Wine, Beer & Spirits",
white cooking wine,white cooking wines,,"Wine, Beer & Spirits",
aperol,aperols,,"Wine, Beer & Spirits",
vanilla vodka,vanilla vodkas,,"Wine, Beer & Spirits",
cinnamon alcohol,cinnamon alcohols,,"Wine, Beer & Spirits",
creme de menthe,creme de menthe,,"Wine, Beer & Spirits",
apricot brandy,apricot brandies,,"Wine, Beer & Spirits",
cachaça,cachaças,,"Wine, Beer & Spirits",
elderflower cordial,elderflower cordials,,"Wine, Beer & Spirits",
chocolate liqueur,chocolate liqueurs,,"Wine, Beer & Spirits",
ginger liqueur,ginger liqueurs,,"Wine, Beer & Spirits",
sloe gin,sloe gins,,"Wine, Beer & Spirits",
maraschino,maraschinoes,,"Wine, Beer & Spirits",
creme de cassis,creme de cassis,,"Wine, Beer & Spirits",
bloody mary mix,bloody mary mixes,,"Wine, Beer & Spirits",
cream sherry,cream sherries,,"Wine, Beer & Spirits",
gold rum,gold rums,,"Wine, Beer & Spirits",
red cooking wine,red cooking wines,,"Wine, Beer & Spirits",
sparkling rosé,sparkling rosés,,"Wine, Beer & Spirits",
grappa,grappas,,"Wine, Beer & Spirits",
lime cordial,lime cordials,,"Wine, Beer & Spirits",
mezcal,mezcals,,"Wine, Beer & Spirits",
strawberry liqueur,strawberry liqueurs,,"Wine, Beer & Spirits",
drambuie,drambuies,,"Wine, Beer & Spirits",
ginger wine,ginger wines,,"Wine, Beer & Spirits",
pumpkin ale,pumpkin ales,,"Wine, Beer & Spirits",
white port,white ports,,"Wine, Beer & Spirits",
peppermint liqueur,peppermint liqueurs,,"Wine, Beer & Spirits",
advocaat,advocaats,,"Wine, Beer & Spirits",
piña colada mix,piña colada mixes,,"Wine, Beer & Spirits",
bénédictine,bénédictines,,"Wine, Beer & Spirits",
rumchata liqueur,rumchata liqueurs,,"Wine, Beer & Spirits",
coconut liqueur,coconut liqueurs,,"Wine, Beer & Spirits",
daiquiri mix,daiquiri mixes,,"Wine, Beer & Spirits",
galliano,gallianoes,,"Wine, Beer & Spirits",
blackberry brandy,blackberry brandies,,"Wine, Beer & Spirits",
plum wine,plum wines,,"Wine, Beer & Spirits",
pisco,piscoes,,"Wine, Beer & Spirits",
chocolate bitter,chocolate bitters,,"Wine, Beer & Spirits",
vanilla liqueur,vanilla liqueurs,,"Wine, Beer & Spirits",
sangria,sangrias,,"Wine, Beer & Spirits",
grapefruit bitter,grapefruit bitters,,"Wine, Beer & Spirits",
peach brandy,peach brandies,,"Wine, Beer & Spirits",
white chocolate liqueur,white chocolate liqueurs,,"Wine, Beer & Spirits",
apple liqueur,apple liqueurs,,"Wine, Beer & Spirits",
pear brandy,pear brandies,,"Wine, Beer & Spirits",
moonshine,moonshines,,"Wine, Beer & Spirits",
rhum agricole,rhum agricoles,,"Wine, Beer & Spirits",
armagnac,armagnacs,,"Wine, Beer & Spirits",
bergamot liqueur,bergamot liqueurs,,"Wine, Beer & Spirits",
cherry vodka,cherry vodkas,,"Wine, Beer & Spirits",
orange juice,orange juice,,Beverages,
coffee,coffee,,Beverages,
club soda,club sodas,,Beverages,
espresso,espressos,,Beverages,
pineapple juice,pineapple juice,,Beverages,
apple juice,apple juice,,Beverages,
tea,tea,,Beverages,
cranberry juice,cranberry juice,,Beverages,
tomato juice,tomato juice,,Beverages,
coconut water,coconut water,,Beverages,
pomegranate juice,pomegranate juice,,Beverages,
grapefruit juice,grapefruit juice,,Beverages,
lemonade,lemonades,,Beverages,
coke,cokes,,Beverages,
eggnog,eggnogs,,Beverages,
ginger ale,ginger ales,,Beverages,
ginger beer,ginger beers,,Beverages,
orange juice concentrate,orange juice concentrate,,Beverages,
lemon lime soda,lemon lime sodas,,Beverages,
cream of coconut,cream of coconut,,Beverages,
sprite,sprites,,Beverages,
green tea,green tea,,Beverages,
lemonade concentrate,lemonade concentrate,,Beverages,
chai tea,chai tea,,Beverages,
root beer,root beers,,Beverages,
drinking chocolate,drinking chocolate,,Beverages,
tonic water,tonic water,,Beverages,
malted milk powder,malted milk powder,,Beverages,
mango juice,mango juice,,Beverages,
sour mix,sour mixes,,Beverages,
hibiscus,hibiscuses,,Beverages,
tea leaf,tea leaves,,Beverages,
grape juice,grape juice,,Beverages,
cherry juice,cherry juice,,Beverages,
carrot juice,carrot juice,,Beverages,
limeade concentrate,limeade concentrate,,Beverages,
dr pepper,dr peppers,,Beverages,
white grape juice,white grape juice,,Beverages,
watermelon juice,watermelon juice,,Beverages,
tangerine juice,tangerine juice,,Beverages,
fruit juice,fruit juice,,Beverages,
passion-fruit juice,passion-fruit juice,,Beverages,
iced tea,iced tea,,Beverages,
kombucha,kombuchas,,Beverages,
apricot juice,apricot juice,,Beverages,
beet juice,beet juice,,Beverages,
peach juice,peach juice,,Beverages,
orange soda,orange sodas,,Beverages,
margarita mix,margarita mixes,,Beverages,
kool aid,kool aids,,Beverages,
energy drink,energy drinks,,Beverages,
chamomile tea,chamomile tea,,Beverages,
pear juice,pear juice,,Beverages,
tamarind juice,tamarind juice,,Beverages,
cream soda,cream sodas,,Beverages,
tamarind water,tamarind water,,Beverages,
mountain dew,mountain dews,,Beverages,
grapefruit soda,grapefruit sodas,,Beverages,
rooibos tea,rooibos tea,,Beverages,
lime soda,lime sodas,,Beverages,
raspberry juice,raspberry juice,,Beverages,
guava juice,guava juice,,Beverages,
jasmine tea,jasmine tea,,Beverages,
clamato,clamatoes,,Beverages,
strawberry juice,strawberry juice,,Beverages,
iced coffee concentrate,iced coffee concentrate,,Beverages,
green tea leaf,green tea leaves,,Beverages,
beetroot juice,beetroot juice,,Beverages,
blueberry juice,blueberry juice,,Beverages,
lemonade mix,lemonade mixes,,Beverages,
rose syrup,rose syrup,,Beverages,
v8 juice,v8 juice,,Beverages,
thai tea,thai tea,,Beverages,
aloe vera juice,aloe vera juice,,Beverages,
white tea,white tea,,Beverages,
juice blend,juice blends,,Beverages,
prune juice,prune juice,,Beverages,
sparkling cider,,,Beverages,
berry juice,berry juice,,Beverages,
butterfly pea flower,butterfly pea flowers,,Beverages,
passion tea,passion tea,,Beverages,
strawberry soda,strawberry sodas,,Beverages,
lapsang souchong,lapsang souchongs,,Beverages,
blackcurrant juice,blackcurrant juice,,Beverages,
herbal tea,herbal tea,,Beverages,
banana juice,banana juice,,Beverages,
lychee juice,lychee juice,,Beverages,
sugar cane juice,sugar cane juice,,Beverages,
cranberry-raspberry juice,cranberry-raspberry juice,,Beverages,
decaf coffee,decaf coffee,,Beverages,
pumpkin spice coffee,pumpkin spice coffee,,Beverages,
pepsi,pepsis,,Beverages,
cherry soda,cherry sodas,,Beverages,
peppermint tea,peppermint tea,,Beverages,
sports drink,sports drinks,,Beverages,
acai berry juice,acai berry juice,,Beverages,
lemon crystal,lemon crystals,,Beverages,
raspberry lemonade,raspberry lemonades,,Beverages,
chicory coffee,chicory coffee,,Beverages,
elderberry juice,elderberry juice,,Beverages,
almond extract,almond extract,,Supplements & Extracts,
food coloring,food colorings,,Supplements & Extracts,
nutritional yeast,nutritional yeasts,,Supplements & Extracts,
peppermint extract,peppermint extract,,Supplements & Extracts,
protein powder,protein powder,,Supplements & Extracts,
lemon extract,lemon extract,,Supplements & Extracts,
coconut extract,coconut extract,,Supplements & Extracts,
rose water,rose water,,Supplements & Extracts,
orange extract,orange extract,,Supplements & Extracts,
rum extract,rum extract,,Supplements & Extracts,
maple extract,maple extract,,Supplements & Extracts,
collagen,collagens,,Supplements & Extracts,
chocolate protein powder,chocolate protein powder,,Supplements & Extracts,
orange blossom water,orange blossom water,,Supplements & Extracts,
liquid egg white,liquid egg whites,,Supplements & Extracts,
peanut butter powder,peanut butter powder,,Supplements & Extracts,
vegan protein powder,vegan protein powder,,Supplements & Extracts,
essence,essences,,Supplements & Extracts,
maca powder,maca powder,,Supplements & Extracts,
spirulina,spirulinas,,Supplements & Extracts,
coffee extract,coffee extract,,Supplements & Extracts,
brewer's yeast,brewer's yeasts,,Supplements & Extracts,
strawberry extract,strawberry extract,,Supplements & Extracts,
butter extract,butter extract,,Supplements & Extracts,
chocolate extract,chocolate extract,,Supplements & Extracts,
raspberry extract,raspberry extract,,Supplements & Extracts,
anise extract,anise extract,,Supplements & Extracts,
bee pollen,bee pollens,,Supplements & Extracts,
cannabi,cannabis,,Supplements & Extracts,
banana extract,banana extract,,Supplements & Extracts,
lavender oil,lavender oil,,Supplements & Extracts,
essential oil,essential oil,,Supplements & Extracts,
chicken essence,chicken essences,,Supplements & Extracts,
caramel extract,caramel extract,,Supplements & Extracts,
egg white powder,egg white powder,,Supplements & Extracts,
cannabutter,cannabutter,,Supplements & Extracts,
root beer extract,root beer extract,,Supplements & Extracts,
vitamin c,vitamin cs,,Supplements & Extracts,
acai powder,acai powder,,Supplements & Extracts,
hemp protein,hemp proteins,,Supplements & Extracts,
ube flavoring,ube flavorings,,Supplements & Extracts,
glucomannan,glucomannans,,Supplements & Extracts,
hazelnut extract,hazelnut extract,,Supplements & Extracts,
freeze-dried strawberry powder,freeze-dried strawberry powder,,Supplements & Extracts,
tamarind extract,tamarind extract,,Supplements & Extracts,
cherry extract,cherry extract,,Supplements & Extracts,
butterscotch flavor,butterscotch flavors,,Supplements & Extracts,
kewra water,kewra water,,Supplements & Extracts,
pineapple extract,pineapple extract,,Supplements & Extracts,
lemon juice concentrate,lemon juice concentrate,,Supplements & Extracts,
chocolate collagen,chocolate collagens,,Supplements & Extracts,
cinnamon extract,cinnamon extract,,Supplements & Extracts,
cannabis milk,cannabis milk,,Supplements & Extracts,
malt extract,malt extract,,Supplements & Extracts,
kombucha starter,kombucha starters,,Supplements & Extracts,
pandan extract,pandan extract,,Supplements & Extracts,
camu powder,camu powder,,Supplements & Extracts,
soy lecithin,soy lecithins,,Supplements & Extracts,
wheatgrass powder,wheatgrass powder,,Supplements & Extracts,
ashwagandha,ashwagandhas,,Supplements & Extracts,
casein,caseins,,Supplements & Extracts,
cbd oil,cbd oil,,Supplements & Extracts,
chlorella,chlorellas,,Supplements & Extracts,
fish oil,fish oil,,Supplements & Extracts,
lime essential oil,lime essential oil,,Supplements & Extracts,
probiotic,probiotics,,Supplements & Extracts,
activated charcoal,activated charcoals,,Supplements & Extracts,
egg powder,egg powder,,Supplements & Extracts,
reishi mushroom,reishi mushrooms,,Supplements & Extracts,
vitamin e,vitamin es,,Supplements & Extracts,
wine yeast,wine yeasts,,Supplements & Extracts,
barley gras,barley grass,,Supplements & Extracts,
greens powder,greens powder,,Supplements & Extracts,
rice protein powder,rice protein powder,,Supplements & Extracts,
tea-tree oil,tea-tree oil,,Supplements & Extracts,
vitamin d,vitamin ds,,Supplements & Extracts,
calcium lactate,calcium lactates,,Supplements & Extracts,
mango extract,mango extract,,Supplements & Extracts,
raspberry powder,raspberry powder,,Supplements & Extracts,
blueberry extract,blueberry extract,,Supplements & Extracts,
corn extract,corn extract,,Supplements & Extracts,
magnesium,magnesiums,,Supplements & Extracts,
creatine,creatines,,Supplements & Extracts,
daily vitamin,daily vitamins,,Supplements & Extracts,
moringa powder,moringa powder,,Supplements & Extracts,
pure lime extract,pure lime extract,,Supplements & Extracts,
sodium alginate,sodium alginates,,Supplements & Extracts,
sunflower lecithin,sunflower lecithins,,Supplements & Extracts,
thc,thcs,,Supplements & Extracts,
berry powder,berry powder,,Supplements & Extracts,
champagne yeast,champagne yeasts,,Supplements & Extracts,
maqui,maquis,,Supplements & Extracts,
rose oil,rose oil,,Supplements & Extracts,
banana powder,banana powder,,Supplements & Extracts,
chaga mushroom powder,chaga mushroom powder,,Supplements & Extracts,
clove oil,clove oil,,Supplements & Extracts,
cranberry powder,cranberry powder,,Supplements & Extracts,
eucalyptus oil,eucalyptus oil,,Supplements & Extracts,
goji berry powder,goji berry powder,,Supplements & Extracts,
maltodextrin,maltodextrins,,Supplements & Extracts,
